snv.id	ID	CCF	clone.id
s0	Sample_1	0.16	3
s0	Sample_2	0.64	3
s0	Sample_3	0	3
s0	Sample_4	0.28	3
s0	Sample_5	0.48	3
s0	Sample_6	0	3
s0	Sample_7	0	3
s0	Sample_8	0.68	3
s0	Sample_9	1	3
s0	Sample_10	0	3
s1	Sample_1	0.16	3
s1	Sample_2	1	3
s1	Sample_3	0	3
s1	Sample_4	0.36	3
s1	Sample_5	0.52	3
s1	Sample_6	0.04	3
s1	Sample_7	0	3
s1	Sample_8	0.52	3
s1	Sample_9	0.92	3
s1	Sample_10	0	3
s10	Sample_1	0.92	1
s10	Sample_2	1	1
s10	Sample_3	1	1
s10	Sample_4	1	1
s10	Sample_5	0.96	1
s10	Sample_6	1	1
s10	Sample_7	0.84	1
s10	Sample_8	0.64	1
s10	Sample_9	0.76	1
s10	Sample_10	0	1
s11	Sample_1	0.08	3
s11	Sample_2	0.88	3
s11	Sample_3	0	3
s11	Sample_4	0.36	3
s11	Sample_5	0.2	3
s11	Sample_6	0.04	3
s11	Sample_7	0	3
s11	Sample_8	0.44	3
s11	Sample_9	1	3
s11	Sample_10	0	3
s12	Sample_1	0.36	3
s12	Sample_2	0.96	3
s12	Sample_3	0	3
s12	Sample_4	0.36	3
s12	Sample_5	0.44	3
s12	Sample_6	0	3
s12	Sample_7	0	3
s12	Sample_8	0.76	3
s12	Sample_9	0.84	3
s12	Sample_10	0	3
s13	Sample_1	0.12	3
s13	Sample_2	1	3
s13	Sample_3	0	3
s13	Sample_4	0.44	3
s13	Sample_5	0.32	3
s13	Sample_6	0	3
s13	Sample_7	0	3
s13	Sample_8	0.48	3
s13	Sample_9	1	3
s13	Sample_10	0	3
s14	Sample_1	0.2	3
s14	Sample_2	1	3
s14	Sample_3	0	3
s14	Sample_4	0.28	3
s14	Sample_5	0.2	3
s14	Sample_6	0	3
s14	Sample_7	0	3
s14	Sample_8	0.84	3
s14	Sample_9	0.8	3
s14	Sample_10	0	3
s15	Sample_1	0.8	2
s15	Sample_2	1	2
s15	Sample_3	0	2
s15	Sample_4	0.4	2
s15	Sample_5	1	2
s15	Sample_6	1	2
s15	Sample_7	0	2
s15	Sample_8	0.88	2
s15	Sample_9	0.84	2
s15	Sample_10	0.04	2
s16	Sample_1	0.04	3
s16	Sample_2	1	3
s16	Sample_3	0	3
s16	Sample_4	0.36	3
s16	Sample_5	0.4	3
s16	Sample_6	0	3
s16	Sample_7	0	3
s16	Sample_8	0.88	3
s16	Sample_9	0.72	3
s16	Sample_10	0	3
s17	Sample_1	0.32	3
s17	Sample_2	0.88	3
s17	Sample_3	0	3
s17	Sample_4	0.32	3
s17	Sample_5	0.4	3
s17	Sample_6	0	3
s17	Sample_7	0	3
s17	Sample_8	0.72	3
s17	Sample_9	0.68	3
s17	Sample_10	0	3
s18	Sample_1	0.16	3
s18	Sample_2	1	3
s18	Sample_3	0	3
s18	Sample_4	0.24	3
s18	Sample_5	0.4	3
s18	Sample_6	0	3
s18	Sample_7	0	3
s18	Sample_8	0.88	3
s18	Sample_9	0.88	3
s18	Sample_10	0	3
s19	Sample_1	0.2	3
s19	Sample_2	0.92	3
s19	Sample_3	0	3
s19	Sample_4	0.44	3
s19	Sample_5	0.36	3
s19	Sample_6	0	3
s19	Sample_7	0	3
s19	Sample_8	0.84	3
s19	Sample_9	0.72	3
s19	Sample_10	0	3
s2	Sample_1	0.16	3
s2	Sample_2	0.84	3
s2	Sample_3	0	3
s2	Sample_4	0.32	3
s2	Sample_5	0.24	3
s2	Sample_6	0	3
s2	Sample_7	0	3
s2	Sample_8	0.6	3
s2	Sample_9	0.92	3
s2	Sample_10	0	3
s20	Sample_1	0	3
s20	Sample_2	1	3
s20	Sample_3	0	3
s20	Sample_4	0.44	3
s20	Sample_5	0.48	3
s20	Sample_6	0	3
s20	Sample_7	0	3
s20	Sample_8	0.72	3
s20	Sample_9	0.8	3
s20	Sample_10	0	3
s21	Sample_1	0.16	3
s21	Sample_2	1	3
s21	Sample_3	0	3
s21	Sample_4	0.24	3
s21	Sample_5	0.4	3
s21	Sample_6	0	3
s21	Sample_7	0	3
s21	Sample_8	0.8	3
s21	Sample_9	1	3
s21	Sample_10	0	3
s22	Sample_1	1	1
s22	Sample_2	0.96	1
s22	Sample_3	0.96	1
s22	Sample_4	1	1
s22	Sample_5	0.8	1
s22	Sample_6	0.84	1
s22	Sample_7	1	1
s22	Sample_8	0.68	1
s22	Sample_9	0.96	1
s22	Sample_10	0.04	1
s23	Sample_1	0.24	3
s23	Sample_2	0.96	3
s23	Sample_3	0	3
s23	Sample_4	0.28	3
s23	Sample_5	0.44	3
s23	Sample_6	0	3
s23	Sample_7	0	3
s23	Sample_8	0.84	3
s23	Sample_9	0.88	3
s23	Sample_10	0	3
s24	Sample_1	0.16	3
s24	Sample_2	0.92	3
s24	Sample_3	0	3
s24	Sample_4	0.4	3
s24	Sample_5	0.28	3
s24	Sample_6	0	3
s24	Sample_7	0	3
s24	Sample_8	0.68	3
s24	Sample_9	0.68	3
s24	Sample_10	0	3
s25	Sample_1	0.12	3
s25	Sample_2	0.96	3
s25	Sample_3	0	3
s25	Sample_4	0.4	3
s25	Sample_5	0.36	3
s25	Sample_6	0	3
s25	Sample_7	0	3
s25	Sample_8	0.76	3
s25	Sample_9	0.96	3
s25	Sample_10	0	3
s26	Sample_1	1	1
s26	Sample_2	0.92	1
s26	Sample_3	0.76	1
s26	Sample_4	1	1
s26	Sample_5	1	1
s26	Sample_6	1	1
s26	Sample_7	1	1
s26	Sample_8	1	1
s26	Sample_9	1	1
s26	Sample_10	0	1
s27	Sample_1	0.04	3
s27	Sample_2	0.88	3
s27	Sample_3	0	3
s27	Sample_4	0.44	3
s27	Sample_5	0.36	3
s27	Sample_6	0.04	3
s27	Sample_7	0	3
s27	Sample_8	0.76	3
s27	Sample_9	0.88	3
s27	Sample_10	0	3
s28	Sample_1	0.16	3
s28	Sample_2	1	3
s28	Sample_3	0	3
s28	Sample_4	0.48	3
s28	Sample_5	0.36	3
s28	Sample_6	0	3
s28	Sample_7	0	3
s28	Sample_8	0.68	3
s28	Sample_9	0.88	3
s28	Sample_10	0	3
s29	Sample_1	0.84	1
s29	Sample_2	1	1
s29	Sample_3	0.88	1
s29	Sample_4	1	1
s29	Sample_5	0.8	1
s29	Sample_6	1	1
s29	Sample_7	0.88	1
s29	Sample_8	0.76	1
s29	Sample_9	0.92	1
s29	Sample_10	0	1
s3	Sample_1	0.92	1
s3	Sample_2	0.96	1
s3	Sample_3	0.92	1
s3	Sample_4	1	1
s3	Sample_5	0.76	1
s3	Sample_6	0.64	1
s3	Sample_7	1	1
s3	Sample_8	0.92	1
s3	Sample_9	0.72	1
s3	Sample_10	0	1
s4	Sample_1	0.12	3
s4	Sample_2	0.96	3
s4	Sample_3	0	3
s4	Sample_4	0.32	3
s4	Sample_5	0.52	3
s4	Sample_6	0	3
s4	Sample_7	0	3
s4	Sample_8	0.84	3
s4	Sample_9	0.92	3
s4	Sample_10	0	3
s5	Sample_1	0.2	3
s5	Sample_2	1	3
s5	Sample_3	0	3
s5	Sample_4	0.48	3
s5	Sample_5	0.28	3
s5	Sample_6	0.04	3
s5	Sample_7	0	3
s5	Sample_8	0.6	3
s5	Sample_9	0.68	3
s5	Sample_10	0	3
s6	Sample_1	1	1
s6	Sample_2	0.96	1
s6	Sample_3	0.8	1
s6	Sample_4	1	1
s6	Sample_5	0.96	1
s6	Sample_6	1	1
s6	Sample_7	1	1
s6	Sample_8	0.88	1
s6	Sample_9	0.76	1
s6	Sample_10	0	1
s7	Sample_1	1	1
s7	Sample_2	0.88	1
s7	Sample_3	1	1
s7	Sample_4	1	1
s7	Sample_5	1	1
s7	Sample_6	0.88	1
s7	Sample_7	0.92	1
s7	Sample_8	0.6	1
s7	Sample_9	0.96	1
s7	Sample_10	0	1
s8	Sample_1	0.24	3
s8	Sample_2	0.84	3
s8	Sample_3	0	3
s8	Sample_4	0.24	3
s8	Sample_5	0.36	3
s8	Sample_6	0	3
s8	Sample_7	0	3
s8	Sample_8	0.8	3
s8	Sample_9	0.92	3
s8	Sample_10	0	3
s9	Sample_1	0.24	3
s9	Sample_2	1	3
s9	Sample_3	0	3
s9	Sample_4	0.52	3
s9	Sample_5	0.44	3
s9	Sample_6	0	3
s9	Sample_7	0	3
s9	Sample_8	0.92	3
s9	Sample_9	0.84	3
s9	Sample_10	0	3
