snv.id	id	name	var_reads	total_reads	var_read_prob	ID	CCF	clone.id
s0	s0	S_0	28	50	0.5	Sample_1	1	1
s1	s1	S_1	27	50	0.5	Sample_1	1	2
s10	s10	S_10	24	50	0.5	Sample_1	0.96	1
s11	s11	S_11	15	50	0.5	Sample_1	0.6	2
s12	s12	S_12	2	50	0.5	Sample_1	0.08	3
s13	s13	S_13	1	50	0.5	Sample_1	0.04	3
s14	s14	S_14	0	50	0.5	Sample_1	0	3
s15	s15	S_15	25	50	0.5	Sample_1	1	2
s16	s16	S_16	27	50	0.5	Sample_1	1	2
s17	s17	S_17	28	50	0.5	Sample_1	1	1
s18	s18	S_18	24	50	0.5	Sample_1	0.96	1
s19	s19	S_19	0	50	0.5	Sample_1	0	3
s2	s2	S_2	26	50	0.5	Sample_1	1	2
s20	s20	S_20	0	50	0.5	Sample_1	0	3
s21	s21	S_21	26	50	0.5	Sample_1	1	1
s22	s22	S_22	1	50	0.5	Sample_1	0.04	3
s23	s23	S_23	26	50	0.5	Sample_1	1	2
s24	s24	S_24	1	50	0.5	Sample_1	0.04	3
s25	s25	S_25	2	50	0.5	Sample_1	0.08	3
s26	s26	S_26	2	50	0.5	Sample_1	0.08	3
s27	s27	S_27	23	50	0.5	Sample_1	0.92	2
s28	s28	S_28	25	50	0.5	Sample_1	1	2
s29	s29	S_29	21	50	0.5	Sample_1	0.84	1
s3	s3	S_3	24	50	0.5	Sample_1	0.96	2
s4	s4	S_4	0	50	0.5	Sample_1	0	3
s5	s5	S_5	32	50	0.5	Sample_1	1	1
s6	s6	S_6	28	50	0.5	Sample_1	1	2
s7	s7	S_7	0	50	0.5	Sample_1	0	3
s8	s8	S_8	26	50	0.5	Sample_1	1	1
s9	s9	S_9	27	50	0.5	Sample_1	1	2
