Chromosome	Start.Position	Hugo.Symbol	ID	CCF	clone.id	clonality	snv.id	HGVSp.Short
2	1812915	MYT1L	MSK-AB-0007-S4	0.98	MRCA	clonal	2:1812915_C/T	p.T1033T
2	1812915	MYT1L	T8_1-liver-met-1	0.93	MRCA	clonal	2:1812915_C/T	p.T1033T
2	1812915	MYT1L	T14_1-liver-met-5	0.88	MRCA	clonal	2:1812915_C/T	p.T1033T
2	1812915	MYT1L	MSK-AB-0007-S5	1	MRCA	clonal	2:1812915_C/T	p.T1033T
2	1812915	MYT1L	T18_5-right-upper-lung-met	0.93	MRCA	clonal	2:1812915_C/T	p.T1033T
2	1812915	MYT1L	T9_1-liver-met-2	1	MRCA	clonal	2:1812915_C/T	p.T1033T
2	1812915	MYT1L	T28_1-LSLN1	0.98	MRCA	clonal	2:1812915_C/T	p.T1033T
2	1812915	MYT1L	T30_1-LSLN3	0.96	MRCA	clonal	2:1812915_C/T	p.T1033T
2	1812915	MYT1L	MSK-AB-0007-S7	1	MRCA	clonal	2:1812915_C/T	p.T1033T
2	1812915	MYT1L	T10_1-liver-met-3	1	MRCA	clonal	2:1812915_C/T	p.T1033T
2	1812915	MYT1L	T18_2-right-upper-lung-met	0.93	MRCA	clonal	2:1812915_C/T	p.T1033T
2	1812915	MYT1L	T16_1-LSCLN-	1	MRCA	clonal	2:1812915_C/T	p.T1033T
2	170081879	LRP2	T8_1-liver-met-1	1	MRCA	clonal	2:170081879_C/G	p.A1827P
2	170081879	LRP2	T28_1-LSLN1	0.97	MRCA	clonal	2:170081879_C/G	p.A1827P
2	170081879	LRP2	MSK-AB-0007-S4	1	MRCA	clonal	2:170081879_C/G	p.A1827P
2	170081879	LRP2	MSK-AB-0007-S7	1	MRCA	clonal	2:170081879_C/G	p.A1827P
2	170081879	LRP2	T9_1-liver-met-2	1	MRCA	clonal	2:170081879_C/G	p.A1827P
2	170081879	LRP2	T10_1-liver-met-3	1	MRCA	clonal	2:170081879_C/G	p.A1827P
2	170081879	LRP2	T18_5-right-upper-lung-met	0.95	MRCA	clonal	2:170081879_C/G	p.A1827P
2	170081879	LRP2	T30_1-LSLN3	1	MRCA	clonal	2:170081879_C/G	p.A1827P
2	170081879	LRP2	T16_1-LSCLN-	1	MRCA	clonal	2:170081879_C/G	p.A1827P
2	170081879	LRP2	T18_2-right-upper-lung-met	0.97	MRCA	clonal	2:170081879_C/G	p.A1827P
2	170081879	LRP2	MSK-AB-0007-S5	1	MRCA	clonal	2:170081879_C/G	p.A1827P
2	170081879	LRP2	T14_1-liver-met-5	1	MRCA	clonal	2:170081879_C/G	p.A1827P
2	187712527	ZSWIM2	T18_2-right-upper-lung-met	1	MRCA	clonal	2:187712527_A/G	NA
2	187712527	ZSWIM2	T9_1-liver-met-2	1	MRCA	clonal	2:187712527_A/G	NA
2	187712527	ZSWIM2	MSK-AB-0007-S4	1	MRCA	clonal	2:187712527_A/G	NA
2	187712527	ZSWIM2	T16_1-LSCLN-	1	MRCA	clonal	2:187712527_A/G	NA
2	187712527	ZSWIM2	T28_1-LSLN1	0.91	MRCA	clonal	2:187712527_A/G	NA
2	187712527	ZSWIM2	T14_1-liver-met-5	1	MRCA	clonal	2:187712527_A/G	NA
2	187712527	ZSWIM2	T30_1-LSLN3	0.98	MRCA	clonal	2:187712527_A/G	NA
2	187712527	ZSWIM2	T10_1-liver-met-3	1	MRCA	clonal	2:187712527_A/G	NA
2	187712527	ZSWIM2	T18_5-right-upper-lung-met	1	MRCA	clonal	2:187712527_A/G	NA
2	187712527	ZSWIM2	T8_1-liver-met-1	1	MRCA	clonal	2:187712527_A/G	NA
2	187712527	ZSWIM2	MSK-AB-0007-S5	1	MRCA	clonal	2:187712527_A/G	NA
2	187712527	ZSWIM2	MSK-AB-0007-S7	1	MRCA	clonal	2:187712527_A/G	NA
2	210777365	UNC80	MSK-AB-0007-S4	1	MRCA	clonal	2:210777365_G/A	p.G1556R
2	210777365	UNC80	T30_1-LSLN3	0.99	MRCA	clonal	2:210777365_G/A	p.G1556R
2	210777365	UNC80	T10_1-liver-met-3	0.91	MRCA	clonal	2:210777365_G/A	p.G1556R
2	210777365	UNC80	T8_1-liver-met-1	0.97	MRCA	clonal	2:210777365_G/A	p.G1556R
2	210777365	UNC80	T16_1-LSCLN-	1	MRCA	clonal	2:210777365_G/A	p.G1556R
2	210777365	UNC80	T18_2-right-upper-lung-met	1	MRCA	clonal	2:210777365_G/A	p.G1556R
2	210777365	UNC80	T14_1-liver-met-5	1	MRCA	clonal	2:210777365_G/A	p.G1556R
2	210777365	UNC80	MSK-AB-0007-S5	1	MRCA	clonal	2:210777365_G/A	p.G1556R
2	210777365	UNC80	T18_5-right-upper-lung-met	0.88	MRCA	clonal	2:210777365_G/A	p.G1556R
2	210777365	UNC80	T28_1-LSLN1	1	MRCA	clonal	2:210777365_G/A	p.G1556R
2	210777365	UNC80	T9_1-liver-met-2	1	MRCA	clonal	2:210777365_G/A	p.G1556R
2	210777365	UNC80	MSK-AB-0007-S7	0.99	MRCA	clonal	2:210777365_G/A	p.G1556R
8	41583331	ANK1	MSK-AB-0007-S5	0.82	MRCA	clonal	8:41583331_C/T	p.R220H
8	41583331	ANK1	T9_1-liver-met-2	0.85	MRCA	clonal	8:41583331_C/T	p.R220H
8	41583331	ANK1	T14_1-liver-met-5	1	MRCA	clonal	8:41583331_C/T	p.R220H
8	41583331	ANK1	T10_1-liver-met-3	1	MRCA	clonal	8:41583331_C/T	p.R220H
8	41583331	ANK1	T30_1-LSLN3	1	MRCA	clonal	8:41583331_C/T	p.R220H
8	41583331	ANK1	T18_2-right-upper-lung-met	0.96	MRCA	clonal	8:41583331_C/T	p.R220H
8	41583331	ANK1	T8_1-liver-met-1	0.84	MRCA	clonal	8:41583331_C/T	p.R220H
8	41583331	ANK1	T18_5-right-upper-lung-met	1	MRCA	clonal	8:41583331_C/T	p.R220H
8	41583331	ANK1	T28_1-LSLN1	0.97	MRCA	clonal	8:41583331_C/T	p.R220H
8	41583331	ANK1	MSK-AB-0007-S7	1	MRCA	clonal	8:41583331_C/T	p.R220H
8	41583331	ANK1	T16_1-LSCLN-	1	MRCA	clonal	8:41583331_C/T	p.R220H
8	41583331	ANK1	MSK-AB-0007-S4	0.81	MRCA	clonal	8:41583331_C/T	p.R220H
9	128088804	GAPVD1	T10_1-liver-met-3	0.92	MRCA	clonal	9:128088804_TACAG/T	p.D658Sfs*27
9	128088804	GAPVD1	MSK-AB-0007-S7	1	MRCA	clonal	9:128088804_TACAG/T	p.D658Sfs*27
9	128088804	GAPVD1	MSK-AB-0007-S4	0.95	MRCA	clonal	9:128088804_TACAG/T	p.D658Sfs*27
9	128088804	GAPVD1	T28_1-LSLN1	0.98	MRCA	clonal	9:128088804_TACAG/T	p.D658Sfs*27
9	128088804	GAPVD1	T14_1-liver-met-5	0.9	MRCA	clonal	9:128088804_TACAG/T	p.D658Sfs*27
9	128088804	GAPVD1	T9_1-liver-met-2	0.85	MRCA	clonal	9:128088804_TACAG/T	p.D658Sfs*27
9	128088804	GAPVD1	T8_1-liver-met-1	0.89	MRCA	clonal	9:128088804_TACAG/T	p.D658Sfs*27
9	128088804	GAPVD1	T18_5-right-upper-lung-met	1	MRCA	clonal	9:128088804_TACAG/T	p.D658Sfs*27
9	128088804	GAPVD1	T30_1-LSLN3	0.85	MRCA	clonal	9:128088804_TACAG/T	p.D658Sfs*27
9	128088804	GAPVD1	T18_2-right-upper-lung-met	0.86	MRCA	clonal	9:128088804_TACAG/T	p.D658Sfs*27
9	128088804	GAPVD1	MSK-AB-0007-S5	0.89	MRCA	clonal	9:128088804_TACAG/T	p.D658Sfs*27
9	128088804	GAPVD1	T16_1-LSCLN-	1	MRCA	clonal	9:128088804_TACAG/T	p.D658Sfs*27
10	8115874	GATA3	T28_1-LSLN1	0.96	MRCA	clonal	10:8115874_C/CG	p.P408Afs*99
10	8115874	GATA3	T14_1-liver-met-5	0.89	MRCA	clonal	10:8115874_C/CG	p.P408Afs*99
10	8115874	GATA3	T10_1-liver-met-3	1	MRCA	clonal	10:8115874_C/CG	p.P408Afs*99
10	8115874	GATA3	T9_1-liver-met-2	1	MRCA	clonal	10:8115874_C/CG	p.P408Afs*99
10	8115874	GATA3	MSK-AB-0007-S4	0.91	MRCA	clonal	10:8115874_C/CG	p.P408Afs*99
10	8115874	GATA3	MSK-AB-0007-S5	0.97	MRCA	clonal	10:8115874_C/CG	p.P408Afs*99
10	8115874	GATA3	T18_5-right-upper-lung-met	1	MRCA	clonal	10:8115874_C/CG	p.P408Afs*99
10	8115874	GATA3	MSK-AB-0007-S7	1	MRCA	clonal	10:8115874_C/CG	p.P408Afs*99
10	8115874	GATA3	T16_1-LSCLN-	1	MRCA	clonal	10:8115874_C/CG	p.P408Afs*99
10	8115874	GATA3	T8_1-liver-met-1	1	MRCA	clonal	10:8115874_C/CG	p.P408Afs*99
10	8115874	GATA3	T18_2-right-upper-lung-met	0.99	MRCA	clonal	10:8115874_C/CG	p.P408Afs*99
10	8115874	GATA3	T30_1-LSLN3	0.97	MRCA	clonal	10:8115874_C/CG	p.P408Afs*99
11	57886786	OR9I1	T18_5-right-upper-lung-met	1	MRCA	clonal	11:57886786_C/T	p.G44E
11	57886786	OR9I1	T18_2-right-upper-lung-met	1	MRCA	clonal	11:57886786_C/T	p.G44E
11	57886786	OR9I1	T8_1-liver-met-1	1	MRCA	clonal	11:57886786_C/T	p.G44E
11	57886786	OR9I1	MSK-AB-0007-S7	1	MRCA	clonal	11:57886786_C/T	p.G44E
11	57886786	OR9I1	T10_1-liver-met-3	0.91	MRCA	clonal	11:57886786_C/T	p.G44E
11	57886786	OR9I1	MSK-AB-0007-S5	1	MRCA	clonal	11:57886786_C/T	p.G44E
11	57886786	OR9I1	T28_1-LSLN1	1	MRCA	clonal	11:57886786_C/T	p.G44E
11	57886786	OR9I1	T30_1-LSLN3	1	MRCA	clonal	11:57886786_C/T	p.G44E
11	57886786	OR9I1	T9_1-liver-met-2	1	MRCA	clonal	11:57886786_C/T	p.G44E
11	57886786	OR9I1	T14_1-liver-met-5	1	MRCA	clonal	11:57886786_C/T	p.G44E
11	57886786	OR9I1	MSK-AB-0007-S4	1	MRCA	clonal	11:57886786_C/T	p.G44E
11	57886786	OR9I1	T16_1-LSCLN-	1	MRCA	clonal	11:57886786_C/T	p.G44E
11	71723972	NUMA1	MSK-AB-0007-S7	1	MRCA	clonal	11:71723972_A/G	p.F1526S
11	71723972	NUMA1	T8_1-liver-met-1	1	MRCA	clonal	11:71723972_A/G	p.F1526S
11	71723972	NUMA1	MSK-AB-0007-S4	1	MRCA	clonal	11:71723972_A/G	p.F1526S
11	71723972	NUMA1	T10_1-liver-met-3	1	MRCA	clonal	11:71723972_A/G	p.F1526S
11	71723972	NUMA1	T18_5-right-upper-lung-met	1	MRCA	clonal	11:71723972_A/G	p.F1526S
11	71723972	NUMA1	T16_1-LSCLN-	0.95	MRCA	clonal	11:71723972_A/G	p.F1526S
11	71723972	NUMA1	T14_1-liver-met-5	0.98	MRCA	clonal	11:71723972_A/G	p.F1526S
11	71723972	NUMA1	T18_2-right-upper-lung-met	1	MRCA	clonal	11:71723972_A/G	p.F1526S
11	71723972	NUMA1	T30_1-LSLN3	1	MRCA	clonal	11:71723972_A/G	p.F1526S
11	71723972	NUMA1	MSK-AB-0007-S5	1	MRCA	clonal	11:71723972_A/G	p.F1526S
11	71723972	NUMA1	T9_1-liver-met-2	0.91	MRCA	clonal	11:71723972_A/G	p.F1526S
11	71723972	NUMA1	T28_1-LSLN1	1	MRCA	clonal	11:71723972_A/G	p.F1526S
16	19127132	ITPRIPL2	T18_2-right-upper-lung-met	0.9	MRCA	clonal	16:19127132_C/T	p.T450M
16	19127132	ITPRIPL2	T9_1-liver-met-2	1	MRCA	clonal	16:19127132_C/T	p.T450M
16	19127132	ITPRIPL2	T8_1-liver-met-1	1	MRCA	clonal	16:19127132_C/T	p.T450M
16	19127132	ITPRIPL2	T30_1-LSLN3	1	MRCA	clonal	16:19127132_C/T	p.T450M
16	19127132	ITPRIPL2	T10_1-liver-met-3	0.96	MRCA	clonal	16:19127132_C/T	p.T450M
16	19127132	ITPRIPL2	MSK-AB-0007-S4	1	MRCA	clonal	16:19127132_C/T	p.T450M
16	19127132	ITPRIPL2	T28_1-LSLN1	1	MRCA	clonal	16:19127132_C/T	p.T450M
16	19127132	ITPRIPL2	MSK-AB-0007-S5	1	MRCA	clonal	16:19127132_C/T	p.T450M
16	19127132	ITPRIPL2	MSK-AB-0007-S7	1	MRCA	clonal	16:19127132_C/T	p.T450M
16	19127132	ITPRIPL2	T18_5-right-upper-lung-met	0.99	MRCA	clonal	16:19127132_C/T	p.T450M
16	19127132	ITPRIPL2	T14_1-liver-met-5	1	MRCA	clonal	16:19127132_C/T	p.T450M
16	19127132	ITPRIPL2	T16_1-LSCLN-	1	MRCA	clonal	16:19127132_C/T	p.T450M
17	78176090	CARD14	T14_1-liver-met-5	0.98	MRCA	clonal	17:78176090_T/TG	p.H698Afs*92
17	78176090	CARD14	T10_1-liver-met-3	1	MRCA	clonal	17:78176090_T/TG	p.H698Afs*92
17	78176090	CARD14	T30_1-LSLN3	1	MRCA	clonal	17:78176090_T/TG	p.H698Afs*92
17	78176090	CARD14	MSK-AB-0007-S7	1	MRCA	clonal	17:78176090_T/TG	p.H698Afs*92
17	78176090	CARD14	T28_1-LSLN1	0.91	MRCA	clonal	17:78176090_T/TG	p.H698Afs*92
17	78176090	CARD14	T18_5-right-upper-lung-met	1	MRCA	clonal	17:78176090_T/TG	p.H698Afs*92
17	78176090	CARD14	T18_2-right-upper-lung-met	0.98	MRCA	clonal	17:78176090_T/TG	p.H698Afs*92
17	78176090	CARD14	MSK-AB-0007-S5	1	MRCA	clonal	17:78176090_T/TG	p.H698Afs*92
17	78176090	CARD14	T9_1-liver-met-2	0.89	MRCA	clonal	17:78176090_T/TG	p.H698Afs*92
17	78176090	CARD14	T16_1-LSCLN-	0.99	MRCA	clonal	17:78176090_T/TG	p.H698Afs*92
17	78176090	CARD14	T8_1-liver-met-1	0.97	MRCA	clonal	17:78176090_T/TG	p.H698Afs*92
17	78176090	CARD14	MSK-AB-0007-S4	1	MRCA	clonal	17:78176090_T/TG	p.H698Afs*92
17	80696517	FN3K	T10_1-liver-met-3	0.89	MRCA	clonal	17:80696517_GT/G	p.X98_splice
17	80696517	FN3K	T16_1-LSCLN-	1	MRCA	clonal	17:80696517_GT/G	p.X98_splice
17	80696517	FN3K	T8_1-liver-met-1	1	MRCA	clonal	17:80696517_GT/G	p.X98_splice
17	80696517	FN3K	T18_5-right-upper-lung-met	0.88	MRCA	clonal	17:80696517_GT/G	p.X98_splice
17	80696517	FN3K	MSK-AB-0007-S5	0.89	MRCA	clonal	17:80696517_GT/G	p.X98_splice
17	80696517	FN3K	T28_1-LSLN1	0.89	MRCA	clonal	17:80696517_GT/G	p.X98_splice
17	80696517	FN3K	T30_1-LSLN3	0.94	MRCA	clonal	17:80696517_GT/G	p.X98_splice
17	80696517	FN3K	T18_2-right-upper-lung-met	0.93	MRCA	clonal	17:80696517_GT/G	p.X98_splice
17	80696517	FN3K	T9_1-liver-met-2	0.96	MRCA	clonal	17:80696517_GT/G	p.X98_splice
17	80696517	FN3K	T14_1-liver-met-5	0.96	MRCA	clonal	17:80696517_GT/G	p.X98_splice
17	80696517	FN3K	MSK-AB-0007-S4	1	MRCA	clonal	17:80696517_GT/G	p.X98_splice
17	80696517	FN3K	MSK-AB-0007-S7	0.94	MRCA	clonal	17:80696517_GT/G	p.X98_splice
23	148585793	IDS	T28_1-LSLN1	0.97	MRCA	clonal	X:148585793_T/G	p.D45A
23	148585793	IDS	T8_1-liver-met-1	1	MRCA	clonal	X:148585793_T/G	p.D45A
23	148585793	IDS	T18_5-right-upper-lung-met	0.99	MRCA	clonal	X:148585793_T/G	p.D45A
23	148585793	IDS	T16_1-LSCLN-	1	MRCA	clonal	X:148585793_T/G	p.D45A
23	148585793	IDS	MSK-AB-0007-S4	1	MRCA	clonal	X:148585793_T/G	p.D45A
23	148585793	IDS	MSK-AB-0007-S5	1	MRCA	clonal	X:148585793_T/G	p.D45A
23	148585793	IDS	MSK-AB-0007-S7	0.91	MRCA	clonal	X:148585793_T/G	p.D45A
23	148585793	IDS	T14_1-liver-met-5	1	MRCA	clonal	X:148585793_T/G	p.D45A
23	148585793	IDS	T9_1-liver-met-2	1	MRCA	clonal	X:148585793_T/G	p.D45A
23	148585793	IDS	T10_1-liver-met-3	1	MRCA	clonal	X:148585793_T/G	p.D45A
23	148585793	IDS	T30_1-LSLN3	1	MRCA	clonal	X:148585793_T/G	p.D45A
23	148585793	IDS	T18_2-right-upper-lung-met	0.96	MRCA	clonal	X:148585793_T/G	p.D45A
1	235577838	TBCE	T28_1-LSLN1	0.87	S09	clonal	1:235577838_A/G	p.E92E
2	217234539	4-Mar	T28_1-LSLN1	1	S09	clonal	2:217234539_A/T	p.S149T
4	57356767	SRP72	T28_1-LSLN1	0.97	S09	clonal	4:57356767_G/A	p.Q486Q
13	103527725	ERCC5	T28_1-LSLN1	0.96	S09	clonal	13:103527725_G/C	p.K1011N
17	29161591	ATAD5	T28_1-LSLN1	0.82	S09	clonal	17:29161591_A/C	p.Q164H
17	29203435	ATAD5	T28_1-LSLN1	0.98	S09	clonal	17:29203435_A/C	p.K1217N
22	21330711	AIFM3	T28_1-LSLN1	0.93	S09	clonal	22:21330711_G/T	p.S305I
11	1028345	MUC6	T16_1-LSCLN-	1	MRCA	clonal	11:1028345_G/A	p.T545I
11	1028345	MUC6	T8_1-liver-met-1	0.97	MRCA	clonal	11:1028345_G/A	p.T545I
11	1028345	MUC6	T30_1-LSLN3	1	MRCA	clonal	11:1028345_G/A	p.T545I
11	1028345	MUC6	T18_2-right-upper-lung-met	0.94	MRCA	clonal	11:1028345_G/A	p.T545I
11	1028345	MUC6	MSK-AB-0007-S7	1	MRCA	clonal	11:1028345_G/A	p.T545I
11	1028345	MUC6	T18_5-right-upper-lung-met	1	MRCA	clonal	11:1028345_G/A	p.T545I
11	1028345	MUC6	MSK-AB-0007-S4	0.93	MRCA	clonal	11:1028345_G/A	p.T545I
11	1028345	MUC6	T28_1-LSLN1	0.95	MRCA	clonal	11:1028345_G/A	p.T545I
11	1028345	MUC6	T9_1-liver-met-2	0.97	MRCA	clonal	11:1028345_G/A	p.T545I
11	1028345	MUC6	T14_1-liver-met-5	0.93	MRCA	clonal	11:1028345_G/A	p.T545I
11	1028345	MUC6	T10_1-liver-met-3	1	MRCA	clonal	11:1028345_G/A	p.T545I
11	1028345	MUC6	MSK-AB-0007-S5	1	MRCA	clonal	11:1028345_G/A	p.T545I
17	18023165	MYO15A	T10_1-liver-met-3	0.9	MRCA	clonal	17:18023165_G/A	p.A351T
17	18023165	MYO15A	MSK-AB-0007-S7	0.9	MRCA	clonal	17:18023165_G/A	p.A351T
17	18023165	MYO15A	MSK-AB-0007-S5	1	MRCA	clonal	17:18023165_G/A	p.A351T
17	18023165	MYO15A	T16_1-LSCLN-	1	MRCA	clonal	17:18023165_G/A	p.A351T
17	18023165	MYO15A	T8_1-liver-met-1	0.94	MRCA	clonal	17:18023165_G/A	p.A351T
17	18023165	MYO15A	T30_1-LSLN3	0.95	MRCA	clonal	17:18023165_G/A	p.A351T
17	18023165	MYO15A	T18_2-right-upper-lung-met	0.88	MRCA	clonal	17:18023165_G/A	p.A351T
17	18023165	MYO15A	T28_1-LSLN1	1	MRCA	clonal	17:18023165_G/A	p.A351T
17	18023165	MYO15A	MSK-AB-0007-S4	0.91	MRCA	clonal	17:18023165_G/A	p.A351T
17	18023165	MYO15A	T9_1-liver-met-2	0.91	MRCA	clonal	17:18023165_G/A	p.A351T
17	18023165	MYO15A	T14_1-liver-met-5	0.85	MRCA	clonal	17:18023165_G/A	p.A351T
17	18023165	MYO15A	T18_5-right-upper-lung-met	0.94	MRCA	clonal	17:18023165_G/A	p.A351T
19	36213371	KMT2B	T9_1-liver-met-2	1	MRCA	clonal	19:36213371_C/T	p.P856P
19	36213371	KMT2B	T16_1-LSCLN-	1	MRCA	clonal	19:36213371_C/T	p.P856P
19	36213371	KMT2B	T18_5-right-upper-lung-met	1	MRCA	clonal	19:36213371_C/T	p.P856P
19	36213371	KMT2B	T10_1-liver-met-3	0.92	MRCA	clonal	19:36213371_C/T	p.P856P
19	36213371	KMT2B	T14_1-liver-met-5	0.98	MRCA	clonal	19:36213371_C/T	p.P856P
19	36213371	KMT2B	T18_2-right-upper-lung-met	1	MRCA	clonal	19:36213371_C/T	p.P856P
19	36213371	KMT2B	T8_1-liver-met-1	1	MRCA	clonal	19:36213371_C/T	p.P856P
19	36213371	KMT2B	MSK-AB-0007-S7	0.88	MRCA	clonal	19:36213371_C/T	p.P856P
19	36213371	KMT2B	T30_1-LSLN3	1	MRCA	clonal	19:36213371_C/T	p.P856P
19	36213371	KMT2B	T28_1-LSLN1	1	MRCA	clonal	19:36213371_C/T	p.P856P
19	36213371	KMT2B	MSK-AB-0007-S4	1	MRCA	clonal	19:36213371_C/T	p.P856P
19	36213371	KMT2B	MSK-AB-0007-S5	1	MRCA	clonal	19:36213371_C/T	p.P856P
21	47574143	FTCD	T28_1-LSLN1	0.99	MRCA	clonal	21:47574143_CC/AA	p.G53L
21	47574143	FTCD	MSK-AB-0007-S4	0.89	MRCA	clonal	21:47574143_CC/AA	p.G53L
21	47574143	FTCD	T18_5-right-upper-lung-met	0.9	MRCA	clonal	21:47574143_CC/AA	p.G53L
21	47574143	FTCD	T10_1-liver-met-3	1	MRCA	clonal	21:47574143_CC/AA	p.G53L
21	47574143	FTCD	T14_1-liver-met-5	0.86	MRCA	clonal	21:47574143_CC/AA	p.G53L
21	47574143	FTCD	T9_1-liver-met-2	0.92	MRCA	clonal	21:47574143_CC/AA	p.G53L
21	47574143	FTCD	MSK-AB-0007-S5	1	MRCA	clonal	21:47574143_CC/AA	p.G53L
21	47574143	FTCD	T16_1-LSCLN-	0.91	MRCA	clonal	21:47574143_CC/AA	p.G53L
21	47574143	FTCD	T18_2-right-upper-lung-met	1	MRCA	clonal	21:47574143_CC/AA	p.G53L
21	47574143	FTCD	T8_1-liver-met-1	0.82	MRCA	clonal	21:47574143_CC/AA	p.G53L
21	47574143	FTCD	MSK-AB-0007-S7	1	MRCA	clonal	21:47574143_CC/AA	p.G53L
21	47574143	FTCD	T30_1-LSLN3	0.91	MRCA	clonal	21:47574143_CC/AA	p.G53L
5	1878256	IRX4	T10_1-liver-met-3	1	MRCA	clonal	5:1878256_C/T	p.A463T
5	1878256	IRX4	T14_1-liver-met-5	1	MRCA	clonal	5:1878256_C/T	p.A463T
5	1878256	IRX4	MSK-AB-0007-S7	1	MRCA	clonal	5:1878256_C/T	p.A463T
5	1878256	IRX4	MSK-AB-0007-S5	1	MRCA	clonal	5:1878256_C/T	p.A463T
5	1878256	IRX4	T28_1-LSLN1	1	MRCA	clonal	5:1878256_C/T	p.A463T
5	1878256	IRX4	T30_1-LSLN3	0.92	MRCA	clonal	5:1878256_C/T	p.A463T
5	1878256	IRX4	T18_5-right-upper-lung-met	1	MRCA	clonal	5:1878256_C/T	p.A463T
5	1878256	IRX4	T16_1-LSCLN-	1	MRCA	clonal	5:1878256_C/T	p.A463T
5	1878256	IRX4	MSK-AB-0007-S4	0.93	MRCA	clonal	5:1878256_C/T	p.A463T
5	1878256	IRX4	T9_1-liver-met-2	1	MRCA	clonal	5:1878256_C/T	p.A463T
5	1878256	IRX4	T18_2-right-upper-lung-met	1	MRCA	clonal	5:1878256_C/T	p.A463T
5	1878256	IRX4	T8_1-liver-met-1	1	MRCA	clonal	5:1878256_C/T	p.A463T
17	60767265	MRC2	MSK-AB-0007-S4	0.32	S01	subclonal	17:60767265_G/T	p.R1195L
23	46522029	SLC9A7	MSK-AB-0007-S4	0.15	S01	subclonal	X:46522029_G/A	p.Y281Y
9	117240908	DFNB31	MSK-AB-0007-S7	0.28	S03	subclonal	9:117240908_G/A	p.H254H
11	17134194	PIK3C2A	MSK-AB-0007-S7	0.3	S03	subclonal	11:17134194_G/A	p.S1114F
7	151057273	NUB1	T10_1-liver-met-3	0.58	S04	subclonal	7:151057273_TGAAAA/T	p.K274Ifs*12
2	168100387	XIRP2	T16_1-LSCLN-	0.69	S06	subclonal	2:168100387_G/C	p.E829Q
7	121773573	AASS	T16_1-LSCLN-	0.13	S06	subclonal	7:121773573_T/G	p.K70Q
8	116632141	TRPS1	T16_1-LSCLN-	0.12	S06	subclonal	8:116632141_T/C	p.S62G
9	100850100	TRIM14	T16_1-LSCLN-	0.28	S06	subclonal	9:100850100_G/A	p.D327D
19	34912555	PDCD2L	T16_1-LSCLN-	0.67	S06	subclonal	19:34912555_T/A	p.L310H
19	51361552	KLK3	T16_1-LSCLN-	0.14	S06	subclonal	19:51361552_C/T	p.G158G
20	61288585	SLCO4A1	T16_1-LSCLN-	0.13	S06	subclonal	20:61288585_G/T	p.C260F
23	141291556	MAGEC2	T16_1-LSCLN-	0.77	S06	subclonal	X:141291556_G/T	p.S73Y
4	113189484	AP1AR	T18_2-right-upper-lung-met	0.12	S07	subclonal	4:113189484_G/C	p.E276D
10	97096873	SORBS1	T18_2-right-upper-lung-met	0.14	S07	subclonal	10:97096873_A/G	p.I1015T
14	105206089	ADSSL1	T18_2-right-upper-lung-met	0.19	S07	subclonal	14:105206089_T/A	p.F181I
3	13612755	FBLN2	T18_5-right-upper-lung-met	0.17	S08	subclonal	3:13612755_C/T	p.G300G
22	45599799	KIAA0930	T18_5-right-upper-lung-met	0.13	S08	subclonal	22:45599799_G/C	p.T200S
1	10356657	KIF1B	T30_1-LSLN3	0.37	S10	subclonal	1:10356657_C/T	p.P553S
1	237037072	MTR	T30_1-LSLN3	0.63	S10	subclonal	1:237037072_G/C	p.X802_splice
2	197636608	GTF3C3	T30_1-LSLN3	0.46	S10	subclonal	2:197636608_T/G	p.Q708H
2	210880840	RPE	T30_1-LSLN3	0.24	S10	subclonal	2:210880840_A/C	NA
2	238743038	RBM44	T30_1-LSLN3	0.41	S10	subclonal	2:238743038_C/A	p.S1051S
3	51429271	RBM15B	T30_1-LSLN3	0.28	S10	subclonal	3:51429271_C/T	p.S147S
3	185191213	MAP3K13	T30_1-LSLN3	0.3	S10	subclonal	3:185191213_C/T	p.L698L
4	154542031	KIAA0922	T30_1-LSLN3	0.14	S10	subclonal	4:154542031_A/G	p.R1231G
5	56111429	MAP3K1	T30_1-LSLN3	0.12	S10	subclonal	5:56111429_C/A	p.S10*
6	1611642	FOXC1	T30_1-LSLN3	0.26	S10	subclonal	6:1611642_C/G	p.P321R
6	26501903	BTN1A1	T30_1-LSLN3	0.71	S10	subclonal	6:26501903_C/T	p.N55N
9	100116939	CCDC180	T30_1-LSLN3	0.12	S10	subclonal	9:100116939_G/C	p.V1075L
11	48177591	PTPRJ	T30_1-LSLN3	0.73	S10	subclonal	11:48177591_T/C	p.L1120L
12	96897719	C12orf55	T30_1-LSLN3	0.67	S10	subclonal	12:96897719_C/T	p.T160I
14	102449386	DYNC1H1	T30_1-LSLN3	0.52	S10	subclonal	14:102449386_A/C	p.D331A
17	40001575	KLHL10	T30_1-LSLN3	0.11	S10	subclonal	17:40001575_T/C	p.F294F
18	42533009	SETBP1	T30_1-LSLN3	0.29	S10	subclonal	18:42533009_C/T	p.S1235L
19	805033	PTBP1	T30_1-LSLN3	0.29	S10	subclonal	19:805033_C/G	p.I246M
19	13941540	ZSWIM4	T30_1-LSLN3	0.29	S10	subclonal	19:13941540_T/C	p.I882I
19	48631278	LIG1	T30_1-LSLN3	0.12	S10	subclonal	19:48631278_C/G	p.X608_splice
19	52394938	ZNF649	T30_1-LSLN3	0.37	S10	subclonal	19:52394938_C/A	p.E151*
19	57290760	ZIM2	T30_1-LSLN3	0.36	S10	subclonal	19:57290760_T/C	p.T243A
9	139904093	ABCA2	T8_1-liver-met-1	0.33	S11	subclonal	9:139904093_C/T	p.E2212K
1	153233506	LOR	T30_1-LSLN3	0.53	S10	subclonal	1:153233506_C/T	p.G27G
6	137018493	MAP3K5	T8_1-liver-met-1	0.1	S11	subclonal	6:137018493_A/T	p.I280N
11	294170	ATHL1	T18_5-right-upper-lung-met	0.05	S08	subclonal	11:294170_G/A	p.A594A
13	51796652	FAM124A	T18_5-right-upper-lung-met	0.37	S08	subclonal	13:51796652_GGGC/G	p.G9del
2	101612003	NPAS2	T18_2-right-upper-lung-met	0.07	S07	subclonal	2:101612003_A/T	p.S812C
19	50165559	IRF3	T30_1-LSLN3	0.08	S10	subclonal	19:50165559_A/T	p.Y210N
8	139791788	COL22A1	T18_2-right-upper-lung-met	0.1	S07	subclonal	8:139791788_C/A	p.L556L
11	33363185	HIPK3	T18_2-right-upper-lung-met	0.1	S07	subclonal	11:33363185_G/C	p.G617A
2	202357943	ALS2CR11	T30_1-LSLN3	0.24	S10	subclonal	2:202357943_C/A	p.D1041Y
5	63905065	RGS7BP	T30_1-LSLN3	0.1	S10	subclonal	5:63905065_C/G	p.L254V
18	33558927	C18orf21	T18_5-right-upper-lung-met	0.08	S08	subclonal	18:33558927_C/T	p.F207F
1	39818704	MACF1	T9_1-liver-met-2	0.03	S12	subclonal	1:39818704_A/C	p.E1680A
1	186157038	HMCN1	T30_1-LSLN3	0.1	S10	subclonal	1:186157038_A/T	p.N5480Y
23	21675867	KLHL34	T30_1-LSLN3	0.08	S10	subclonal	X:21675867_C/T	p.A14T
6	42993802	RRP36	T8_1-liver-met-1	0.15	S11	subclonal	6:42993802_C/T	p.L125L
14	94112970	UNC79	T28_1-LSLN1	0.07	S09	subclonal	14:94112970_A/G	p.T1883A
1	113257762	PPM1J	T16_1-LSCLN-	0.11	S06	subclonal	1:113257762_G/A	p.S54=
3	32433503	CMTM7	T9_1-liver-met-2	0.12	S12	subclonal	3:32433503_G/A	p.L35=
17	65822193	BPTF	T9_1-liver-met-2	0.1	S12	subclonal	17:65822193_G/A	p.R118Q
17	72839263	GRIN2C	T8_1-liver-met-1	0.12	S11	subclonal	17:72839263_G/A	p.P1005S
17	74136446	FOXJ1	T16_1-LSCLN-	0.09	S06	subclonal	17:74136446_C/T	p.A11T
18	56936636	RAX	T18_5-right-upper-lung-met	0.11	S08	subclonal	18:56936636_C/T	p.R214H
7	90894322	FZD1	T30_1-LSLN3	0.18	S10	subclonal	7:90894322_C/T	p.R43C
19	1469313	APC2	T30_1-LSLN3	0.09	S10	subclonal	19:1469313_C/T	p.R2005W
7	101961806	SH2B2	T16_1-LSCLN-	0.41	S06	subclonal	7:101961806_C/A	p.A575=
19	48946196	GRIN2D	T18_5-right-upper-lung-met	0.12	S08	subclonal	19:48946196_C/A	p.P1005T
4	6064101	JAKMIP1	T18_2-right-upper-lung-met	0.07	S07	subclonal	4:6064101_G/A	p.R500C
11	75378720	MAP6	T28_1-LSLN1	0.12	S09	subclonal	11:75378720_C/T	p.G232E
22	51159106	SHANK3	T16_1-LSCLN-	0.13	S06	subclonal	22:51159106_C/T	p.R965C
2	176945508	EVX2	T30_1-LSLN3	0.04	S10	subclonal	2:176945508_G/A	p.P253L
19	1000499	GRIN3B	T28_1-LSLN1	0.09	S09	subclonal	19:1000499_G/A	p.G21=
2	9989570	TAF1B	T30_1-LSLN3	0.05	S10	subclonal	2:9989570_TAA/T	p.N66Qfs*3
20	278384	ZCCHC3	T30_1-LSLN3	0.1	S10	subclonal	20:278384_G/A	p.E53K
11	20968975	NELL1	MSK-AB-0007-S7	0.7	MRCA	subclonal	11:20968975_T/A	p.C389S
11	20968975	NELL1	T18_5-right-upper-lung-met	1	MRCA	clonal	11:20968975_T/A	p.C389S
11	20968975	NELL1	T8_1-liver-met-1	1	MRCA	clonal	11:20968975_T/A	p.C389S
11	20968975	NELL1	MSK-AB-0007-S5	0.76	MRCA	subclonal	11:20968975_T/A	p.C389S
11	20968975	NELL1	MSK-AB-0007-S4	0.87	MRCA	clonal	11:20968975_T/A	p.C389S
11	20968975	NELL1	T14_1-liver-met-5	1	MRCA	clonal	11:20968975_T/A	p.C389S
11	20968975	NELL1	T18_2-right-upper-lung-met	1	MRCA	clonal	11:20968975_T/A	p.C389S
11	20968975	NELL1	T30_1-LSLN3	1	MRCA	clonal	11:20968975_T/A	p.C389S
11	20968975	NELL1	T16_1-LSCLN-	0.89	MRCA	clonal	11:20968975_T/A	p.C389S
11	20968975	NELL1	T28_1-LSLN1	1	MRCA	clonal	11:20968975_T/A	p.C389S
11	20968975	NELL1	T10_1-liver-met-3	0.93	MRCA	clonal	11:20968975_T/A	p.C389S
11	20968975	NELL1	T9_1-liver-met-2	1	MRCA	clonal	11:20968975_T/A	p.C389S
11	33677654	KIAA1549L	T28_1-LSLN1	0.91	MRCA	clonal	11:33677654_C/T	p.R1656*
11	33677654	KIAA1549L	T18_5-right-upper-lung-met	0.92	MRCA	clonal	11:33677654_C/T	p.R1656*
11	33677654	KIAA1549L	MSK-AB-0007-S7	0.75	MRCA	subclonal	11:33677654_C/T	p.R1656*
11	33677654	KIAA1549L	MSK-AB-0007-S5	0.92	MRCA	clonal	11:33677654_C/T	p.R1656*
11	33677654	KIAA1549L	T14_1-liver-met-5	0.95	MRCA	clonal	11:33677654_C/T	p.R1656*
11	33677654	KIAA1549L	T8_1-liver-met-1	0.94	MRCA	clonal	11:33677654_C/T	p.R1656*
11	33677654	KIAA1549L	T30_1-LSLN3	0.84	MRCA	clonal	11:33677654_C/T	p.R1656*
11	33677654	KIAA1549L	T9_1-liver-met-2	0.98	MRCA	clonal	11:33677654_C/T	p.R1656*
11	33677654	KIAA1549L	T10_1-liver-met-3	0.99	MRCA	clonal	11:33677654_C/T	p.R1656*
11	33677654	KIAA1549L	T16_1-LSCLN-	1	MRCA	clonal	11:33677654_C/T	p.R1656*
11	33677654	KIAA1549L	MSK-AB-0007-S4	0.81	MRCA	clonal	11:33677654_C/T	p.R1656*
11	33677654	KIAA1549L	T18_2-right-upper-lung-met	0.96	MRCA	clonal	11:33677654_C/T	p.R1656*
15	73075977	ADPGK	T28_1-LSLN1	0.98	MRCA	clonal	15:73075977_C/T	p.C19Y
15	73075977	ADPGK	T30_1-LSLN3	0.98	MRCA	clonal	15:73075977_C/T	p.C19Y
15	73075977	ADPGK	MSK-AB-0007-S4	1	MRCA	clonal	15:73075977_C/T	p.C19Y
15	73075977	ADPGK	T18_5-right-upper-lung-met	1	MRCA	clonal	15:73075977_C/T	p.C19Y
15	73075977	ADPGK	T8_1-liver-met-1	0.85	MRCA	clonal	15:73075977_C/T	p.C19Y
15	73075977	ADPGK	T9_1-liver-met-2	1	MRCA	clonal	15:73075977_C/T	p.C19Y
15	73075977	ADPGK	T10_1-liver-met-3	1	MRCA	clonal	15:73075977_C/T	p.C19Y
15	73075977	ADPGK	T14_1-liver-met-5	1	MRCA	clonal	15:73075977_C/T	p.C19Y
15	73075977	ADPGK	MSK-AB-0007-S7	0.54	MRCA	subclonal	15:73075977_C/T	p.C19Y
15	73075977	ADPGK	MSK-AB-0007-S5	1	MRCA	clonal	15:73075977_C/T	p.C19Y
15	73075977	ADPGK	T16_1-LSCLN-	1	MRCA	clonal	15:73075977_C/T	p.C19Y
15	73075977	ADPGK	T18_2-right-upper-lung-met	1	MRCA	clonal	15:73075977_C/T	p.C19Y
16	67038061	CES4A	MSK-AB-0007-S4	0.86	MRCA	clonal	16:67038061_GA/G	p.K339Rfs*9
16	67038061	CES4A	T16_1-LSCLN-	0.97	MRCA	clonal	16:67038061_GA/G	p.K339Rfs*9
16	67038061	CES4A	MSK-AB-0007-S7	0.73	MRCA	subclonal	16:67038061_GA/G	p.K339Rfs*9
16	67038061	CES4A	T18_2-right-upper-lung-met	1	MRCA	clonal	16:67038061_GA/G	p.K339Rfs*9
16	67038061	CES4A	T10_1-liver-met-3	1	MRCA	clonal	16:67038061_GA/G	p.K339Rfs*9
16	67038061	CES4A	T30_1-LSLN3	0.99	MRCA	clonal	16:67038061_GA/G	p.K339Rfs*9
16	67038061	CES4A	T9_1-liver-met-2	1	MRCA	clonal	16:67038061_GA/G	p.K339Rfs*9
16	67038061	CES4A	T18_5-right-upper-lung-met	0.84	MRCA	clonal	16:67038061_GA/G	p.K339Rfs*9
16	67038061	CES4A	T8_1-liver-met-1	0.84	MRCA	clonal	16:67038061_GA/G	p.K339Rfs*9
16	67038061	CES4A	MSK-AB-0007-S5	1	MRCA	clonal	16:67038061_GA/G	p.K339Rfs*9
16	67038061	CES4A	T28_1-LSLN1	0.9	MRCA	clonal	16:67038061_GA/G	p.K339Rfs*9
16	67038061	CES4A	T14_1-liver-met-5	1	MRCA	clonal	16:67038061_GA/G	p.K339Rfs*9
17	17766129	TOM1L2	T30_1-LSLN3	1	MRCA	clonal	17:17766129_C/A	p.S373I
17	17766129	TOM1L2	T8_1-liver-met-1	1	MRCA	clonal	17:17766129_C/A	p.S373I
17	17766129	TOM1L2	T10_1-liver-met-3	0.93	MRCA	clonal	17:17766129_C/A	p.S373I
17	17766129	TOM1L2	T14_1-liver-met-5	1	MRCA	clonal	17:17766129_C/A	p.S373I
17	17766129	TOM1L2	T18_5-right-upper-lung-met	1	MRCA	clonal	17:17766129_C/A	p.S373I
17	17766129	TOM1L2	MSK-AB-0007-S5	0.97	MRCA	clonal	17:17766129_C/A	p.S373I
17	17766129	TOM1L2	MSK-AB-0007-S4	0.84	MRCA	clonal	17:17766129_C/A	p.S373I
17	17766129	TOM1L2	MSK-AB-0007-S7	0.67	MRCA	subclonal	17:17766129_C/A	p.S373I
17	17766129	TOM1L2	T16_1-LSCLN-	1	MRCA	clonal	17:17766129_C/A	p.S373I
17	17766129	TOM1L2	T18_2-right-upper-lung-met	1	MRCA	clonal	17:17766129_C/A	p.S373I
17	17766129	TOM1L2	T28_1-LSLN1	0.88	MRCA	clonal	17:17766129_C/A	p.S373I
17	17766129	TOM1L2	T9_1-liver-met-2	1	MRCA	clonal	17:17766129_C/A	p.S373I
17	74475915	RHBDF2	T10_1-liver-met-3	1	MRCA	clonal	17:74475915_TCAA/T	p.L86del
17	74475915	RHBDF2	T18_2-right-upper-lung-met	1	MRCA	clonal	17:74475915_TCAA/T	p.L86del
17	74475915	RHBDF2	T28_1-LSLN1	1	MRCA	clonal	17:74475915_TCAA/T	p.L86del
17	74475915	RHBDF2	T18_5-right-upper-lung-met	0.96	MRCA	clonal	17:74475915_TCAA/T	p.L86del
17	74475915	RHBDF2	MSK-AB-0007-S7	0.38	MRCA	subclonal	17:74475915_TCAA/T	p.L86del
17	74475915	RHBDF2	T30_1-LSLN3	1	MRCA	clonal	17:74475915_TCAA/T	p.L86del
17	74475915	RHBDF2	T14_1-liver-met-5	0.91	MRCA	clonal	17:74475915_TCAA/T	p.L86del
17	74475915	RHBDF2	MSK-AB-0007-S5	1	MRCA	clonal	17:74475915_TCAA/T	p.L86del
17	74475915	RHBDF2	T8_1-liver-met-1	0.83	MRCA	clonal	17:74475915_TCAA/T	p.L86del
17	74475915	RHBDF2	MSK-AB-0007-S4	0.84	MRCA	clonal	17:74475915_TCAA/T	p.L86del
17	74475915	RHBDF2	T9_1-liver-met-2	1	MRCA	clonal	17:74475915_TCAA/T	p.L86del
17	74475915	RHBDF2	T16_1-LSCLN-	0.94	MRCA	clonal	17:74475915_TCAA/T	p.L86del
19	10886422	DNM2	T18_5-right-upper-lung-met	1	MRCA	clonal	19:10886422_G/T	p.V143V
19	10886422	DNM2	T10_1-liver-met-3	0.61	MRCA	subclonal	19:10886422_G/T	p.V143V
19	10886422	DNM2	MSK-AB-0007-S4	0.79	MRCA	subclonal	19:10886422_G/T	p.V143V
19	10886422	DNM2	T16_1-LSCLN-	0.98	MRCA	clonal	19:10886422_G/T	p.V143V
19	10886422	DNM2	MSK-AB-0007-S5	1	MRCA	clonal	19:10886422_G/T	p.V143V
19	10886422	DNM2	T8_1-liver-met-1	0.62	MRCA	subclonal	19:10886422_G/T	p.V143V
19	10886422	DNM2	T18_2-right-upper-lung-met	0.94	MRCA	clonal	19:10886422_G/T	p.V143V
19	10886422	DNM2	T28_1-LSLN1	0.98	MRCA	clonal	19:10886422_G/T	p.V143V
19	10886422	DNM2	T9_1-liver-met-2	0.55	MRCA	subclonal	19:10886422_G/T	p.V143V
19	10886422	DNM2	MSK-AB-0007-S7	0.55	MRCA	subclonal	19:10886422_G/T	p.V143V
19	10886422	DNM2	T14_1-liver-met-5	1	MRCA	clonal	19:10886422_G/T	p.V143V
19	10886422	DNM2	T30_1-LSLN3	1	MRCA	clonal	19:10886422_G/T	p.V143V
1	33058713	ZBTB8A	T18_2-right-upper-lung-met	0.88	MRCA	clonal	1:33058713_A/AG	p.S61Rfs*14
1	33058713	ZBTB8A	T9_1-liver-met-2	1	MRCA	clonal	1:33058713_A/AG	p.S61Rfs*14
1	33058713	ZBTB8A	MSK-AB-0007-S5	1	MRCA	clonal	1:33058713_A/AG	p.S61Rfs*14
1	33058713	ZBTB8A	MSK-AB-0007-S7	0.78	MRCA	subclonal	1:33058713_A/AG	p.S61Rfs*14
1	33058713	ZBTB8A	T14_1-liver-met-5	0.83	MRCA	clonal	1:33058713_A/AG	p.S61Rfs*14
1	33058713	ZBTB8A	T8_1-liver-met-1	0.75	MRCA	subclonal	1:33058713_A/AG	p.S61Rfs*14
1	33058713	ZBTB8A	T28_1-LSLN1	1	MRCA	clonal	1:33058713_A/AG	p.S61Rfs*14
1	33058713	ZBTB8A	T16_1-LSCLN-	0.93	MRCA	clonal	1:33058713_A/AG	p.S61Rfs*14
1	33058713	ZBTB8A	MSK-AB-0007-S4	0.76	MRCA	subclonal	1:33058713_A/AG	p.S61Rfs*14
1	33058713	ZBTB8A	T10_1-liver-met-3	0.87	MRCA	clonal	1:33058713_A/AG	p.S61Rfs*14
1	33058713	ZBTB8A	T30_1-LSLN3	0.99	MRCA	clonal	1:33058713_A/AG	p.S61Rfs*14
1	33058713	ZBTB8A	T18_5-right-upper-lung-met	0.93	MRCA	clonal	1:33058713_A/AG	p.S61Rfs*14
6	14131846	CD83	T14_1-liver-met-5	1	MRCA	clonal	6:14131846_C/T	p.D83D
6	14131846	CD83	T9_1-liver-met-2	0.98	MRCA	clonal	6:14131846_C/T	p.D83D
6	14131846	CD83	T16_1-LSCLN-	1	MRCA	clonal	6:14131846_C/T	p.D83D
6	14131846	CD83	MSK-AB-0007-S4	0.85	MRCA	clonal	6:14131846_C/T	p.D83D
6	14131846	CD83	T8_1-liver-met-1	0.89	MRCA	clonal	6:14131846_C/T	p.D83D
6	14131846	CD83	MSK-AB-0007-S7	0.78	MRCA	subclonal	6:14131846_C/T	p.D83D
6	14131846	CD83	T30_1-LSLN3	0.88	MRCA	clonal	6:14131846_C/T	p.D83D
6	14131846	CD83	MSK-AB-0007-S5	1	MRCA	clonal	6:14131846_C/T	p.D83D
6	14131846	CD83	T18_2-right-upper-lung-met	1	MRCA	clonal	6:14131846_C/T	p.D83D
6	14131846	CD83	T10_1-liver-met-3	1	MRCA	clonal	6:14131846_C/T	p.D83D
6	14131846	CD83	T18_5-right-upper-lung-met	0.95	MRCA	clonal	6:14131846_C/T	p.D83D
6	14131846	CD83	T28_1-LSLN1	0.95	MRCA	clonal	6:14131846_C/T	p.D83D
12	52139683	SCN8A	T18_5-right-upper-lung-met	0.04	NA	subclonal	12:52139683_A/T	NA
12	52139683	SCN8A	MSK-AB-0007-S7	0.31	NA	subclonal	12:52139683_A/T	NA
12	52139683	SCN8A	T8_1-liver-met-1	0.1	NA	subclonal	12:52139683_A/T	NA
12	52139683	SCN8A	T10_1-liver-met-3	0.06	NA	subclonal	12:52139683_A/T	NA
12	52139683	SCN8A	MSK-AB-0007-S4	0.08	NA	subclonal	12:52139683_A/T	NA
12	52139683	SCN8A	T9_1-liver-met-2	0.1	NA	subclonal	12:52139683_A/T	NA
12	52139683	SCN8A	T28_1-LSLN1	0.09	NA	subclonal	12:52139683_A/T	NA
12	52139683	SCN8A	T16_1-LSCLN-	0.15	NA	subclonal	12:52139683_A/T	NA
12	52139683	SCN8A	T14_1-liver-met-5	0.12	NA	subclonal	12:52139683_A/T	NA
12	52139683	SCN8A	T30_1-LSLN3	0.04	NA	subclonal	12:52139683_A/T	NA
13	79918806	RBM26	T14_1-liver-met-5	0.04	NA	subclonal	13:79918806_G/GT	p.Q701Tfs*23
13	79918806	RBM26	MSK-AB-0007-S7	0.18	NA	subclonal	13:79918806_G/GT	p.Q701Tfs*23
13	79918806	RBM26	MSK-AB-0007-S5	0.12	NA	subclonal	13:79918806_G/GT	p.Q701Tfs*23
13	79918806	RBM26	T18_5-right-upper-lung-met	0.06	NA	subclonal	13:79918806_G/GT	p.Q701Tfs*23
13	79918806	RBM26	T8_1-liver-met-1	0.09	NA	subclonal	13:79918806_G/GT	p.Q701Tfs*23
13	79918806	RBM26	T16_1-LSCLN-	0.09	NA	subclonal	13:79918806_G/GT	p.Q701Tfs*23
13	79918806	RBM26	T10_1-liver-met-3	0.06	NA	subclonal	13:79918806_G/GT	p.Q701Tfs*23
13	79918806	RBM26	MSK-AB-0007-S4	0.05	NA	subclonal	13:79918806_G/GT	p.Q701Tfs*23
13	79918806	RBM26	T28_1-LSLN1	0.1	NA	subclonal	13:79918806_G/GT	p.Q701Tfs*23
13	79918806	RBM26	T18_2-right-upper-lung-met	0.05	NA	subclonal	13:79918806_G/GT	p.Q701Tfs*23
13	79918806	RBM26	T30_1-LSLN3	0.1	NA	subclonal	13:79918806_G/GT	p.Q701Tfs*23
13	79918806	RBM26	T9_1-liver-met-2	0.23	NA	subclonal	13:79918806_G/GT	p.Q701Tfs*23
1	186276640	PRG4	T30_1-LSLN3	0.27	NA	subclonal	1:186276640_A/C	p.T597P
1	186276640	PRG4	T18_2-right-upper-lung-met	0.21	NA	subclonal	1:186276640_A/C	p.T597P
1	186276640	PRG4	T9_1-liver-met-2	0.25	NA	subclonal	1:186276640_A/C	p.T597P
1	186276640	PRG4	T16_1-LSCLN-	0.18	NA	subclonal	1:186276640_A/C	p.T597P
1	186276640	PRG4	T10_1-liver-met-3	0.19	NA	subclonal	1:186276640_A/C	p.T597P
1	186276640	PRG4	T8_1-liver-met-1	0.26	NA	subclonal	1:186276640_A/C	p.T597P
1	186276640	PRG4	T14_1-liver-met-5	0.29	NA	subclonal	1:186276640_A/C	p.T597P
1	186276640	PRG4	T18_5-right-upper-lung-met	0.26	NA	subclonal	1:186276640_A/C	p.T597P
1	186276640	PRG4	T28_1-LSLN1	0.17	NA	subclonal	1:186276640_A/C	p.T597P
1	186276640	PRG4	MSK-AB-0007-S7	0.15	NA	subclonal	1:186276640_A/C	p.T597P
1	186276640	PRG4	MSK-AB-0007-S4	0.17	NA	subclonal	1:186276640_A/C	p.T597P
20	33345744	NCOA6	T16_1-LSCLN-	0.09	NA	subclonal	20:33345744_C/T	p.Q269Q
20	33345744	NCOA6	T18_2-right-upper-lung-met	0.08	NA	subclonal	20:33345744_C/T	p.Q269Q
20	33345744	NCOA6	T10_1-liver-met-3	0.06	NA	subclonal	20:33345744_C/T	p.Q269Q
20	33345744	NCOA6	T18_5-right-upper-lung-met	0.06	NA	subclonal	20:33345744_C/T	p.Q269Q
20	33345744	NCOA6	T28_1-LSLN1	0.09	NA	subclonal	20:33345744_C/T	p.Q269Q
20	33345744	NCOA6	MSK-AB-0007-S4	0.09	NA	subclonal	20:33345744_C/T	p.Q269Q
20	33345744	NCOA6	T8_1-liver-met-1	0.03	NA	subclonal	20:33345744_C/T	p.Q269Q
20	33345744	NCOA6	T30_1-LSLN3	0.05	NA	subclonal	20:33345744_C/T	p.Q269Q
20	33345744	NCOA6	T14_1-liver-met-5	0.1	NA	subclonal	20:33345744_C/T	p.Q269Q
20	33345744	NCOA6	T9_1-liver-met-2	0.1	NA	subclonal	20:33345744_C/T	p.Q269Q
20	33345744	NCOA6	MSK-AB-0007-S5	0.09	NA	subclonal	20:33345744_C/T	p.Q269Q
4	16189980	TAPT1	MSK-AB-0007-S4	0.17	NA	subclonal	4:16189980_T/TA	NA
4	16189980	TAPT1	T18_2-right-upper-lung-met	0.1	NA	subclonal	4:16189980_T/TA	NA
4	16189980	TAPT1	MSK-AB-0007-S7	0.4	NA	subclonal	4:16189980_T/TA	NA
4	16189980	TAPT1	T8_1-liver-met-1	0.24	NA	subclonal	4:16189980_T/TA	NA
4	16189980	TAPT1	T18_5-right-upper-lung-met	0.1	NA	subclonal	4:16189980_T/TA	NA
4	16189980	TAPT1	MSK-AB-0007-S5	0.08	NA	subclonal	4:16189980_T/TA	NA
4	16189980	TAPT1	T14_1-liver-met-5	0.17	NA	subclonal	4:16189980_T/TA	NA
4	16189980	TAPT1	T28_1-LSLN1	0.12	NA	subclonal	4:16189980_T/TA	NA
4	16189980	TAPT1	T9_1-liver-met-2	0.18	NA	subclonal	4:16189980_T/TA	NA
4	16189980	TAPT1	T30_1-LSLN3	0.15	NA	subclonal	4:16189980_T/TA	NA
4	16189980	TAPT1	T16_1-LSCLN-	0.16	NA	subclonal	4:16189980_T/TA	NA
4	16189980	TAPT1	T10_1-liver-met-3	0.18	NA	subclonal	4:16189980_T/TA	NA
4	16189980	TAPT1	MSK-AB-0007-S5	0.04	NA	subclonal	4:16189980_TA/T	NA
4	16189980	TAPT1	T16_1-LSCLN-	0.11	NA	subclonal	4:16189980_TA/T	NA
4	16189980	TAPT1	T28_1-LSLN1	0.14	NA	subclonal	4:16189980_TA/T	NA
4	16189980	TAPT1	T8_1-liver-met-1	0.16	NA	subclonal	4:16189980_TA/T	NA
4	16189980	TAPT1	T14_1-liver-met-5	0.25	NA	subclonal	4:16189980_TA/T	NA
4	16189980	TAPT1	T18_5-right-upper-lung-met	0.04	NA	subclonal	4:16189980_TA/T	NA
4	16189980	TAPT1	MSK-AB-0007-S7	0.13	NA	subclonal	4:16189980_TA/T	NA
4	16189980	TAPT1	T9_1-liver-met-2	0.2	NA	subclonal	4:16189980_TA/T	NA
4	16189980	TAPT1	T30_1-LSLN3	0.09	NA	subclonal	4:16189980_TA/T	NA
4	16189980	TAPT1	MSK-AB-0007-S4	0.19	NA	subclonal	4:16189980_TA/T	NA
4	16189980	TAPT1	T18_2-right-upper-lung-met	0.2	NA	subclonal	4:16189980_TA/T	NA
4	16189980	TAPT1	T10_1-liver-met-3	0.2	NA	subclonal	4:16189980_TA/T	NA
4	54327211	LNX1	T8_1-liver-met-1	0.34	NA	subclonal	4:54327211_T/TA	NA
4	54327211	LNX1	T10_1-liver-met-3	0.26	NA	subclonal	4:54327211_T/TA	NA
4	54327211	LNX1	T16_1-LSCLN-	0.14	NA	subclonal	4:54327211_T/TA	NA
4	54327211	LNX1	MSK-AB-0007-S5	0.16	NA	subclonal	4:54327211_T/TA	NA
4	54327211	LNX1	MSK-AB-0007-S7	0.44	NA	subclonal	4:54327211_T/TA	NA
4	54327211	LNX1	MSK-AB-0007-S4	0.18	NA	subclonal	4:54327211_T/TA	NA
4	54327211	LNX1	T14_1-liver-met-5	0.24	NA	subclonal	4:54327211_T/TA	NA
4	54327211	LNX1	T9_1-liver-met-2	0.16	NA	subclonal	4:54327211_T/TA	NA
4	54327211	LNX1	T18_2-right-upper-lung-met	0.15	NA	subclonal	4:54327211_T/TA	NA
4	54327211	LNX1	T28_1-LSLN1	0.26	NA	subclonal	4:54327211_T/TA	NA
4	54327211	LNX1	T30_1-LSLN3	0.15	NA	subclonal	4:54327211_T/TA	NA
4	54327211	LNX1	T18_5-right-upper-lung-met	0.24	NA	subclonal	4:54327211_T/TA	NA
5	878551	BRD9	T18_2-right-upper-lung-met	0.02	NA	subclonal	5:878551_A/G	p.V397A
5	878551	BRD9	T28_1-LSLN1	0.04	NA	subclonal	5:878551_A/G	p.V397A
5	878551	BRD9	MSK-AB-0007-S4	0.07	NA	subclonal	5:878551_A/G	p.V397A
5	878551	BRD9	T30_1-LSLN3	0.06	NA	subclonal	5:878551_A/G	p.V397A
5	878551	BRD9	T18_5-right-upper-lung-met	0.02	NA	subclonal	5:878551_A/G	p.V397A
5	878551	BRD9	T16_1-LSCLN-	0.02	NA	subclonal	5:878551_A/G	p.V397A
5	878551	BRD9	T14_1-liver-met-5	0.07	NA	subclonal	5:878551_A/G	p.V397A
5	878551	BRD9	T10_1-liver-met-3	0.08	NA	subclonal	5:878551_A/G	p.V397A
5	878551	BRD9	T9_1-liver-met-2	0.07	NA	subclonal	5:878551_A/G	p.V397A
5	878551	BRD9	T8_1-liver-met-1	0.05	NA	subclonal	5:878551_A/G	p.V397A
5	878551	BRD9	MSK-AB-0007-S5	0.26	NA	subclonal	5:878551_A/G	p.V397A
5	878551	BRD9	MSK-AB-0007-S7	0.16	NA	subclonal	5:878551_A/G	p.V397A
6	32157666	PBX2	T30_1-LSLN3	0.14	NA	subclonal	6:32157666_G/A	p.P9P
6	32157666	PBX2	T28_1-LSLN1	0.11	NA	subclonal	6:32157666_G/A	p.P9P
6	32157666	PBX2	T18_2-right-upper-lung-met	0.13	NA	subclonal	6:32157666_G/A	p.P9P
6	32157666	PBX2	MSK-AB-0007-S7	0.17	NA	subclonal	6:32157666_G/A	p.P9P
6	32157666	PBX2	T14_1-liver-met-5	0.13	NA	subclonal	6:32157666_G/A	p.P9P
6	32157666	PBX2	T18_5-right-upper-lung-met	0.13	NA	subclonal	6:32157666_G/A	p.P9P
6	32157666	PBX2	T10_1-liver-met-3	0.1	NA	subclonal	6:32157666_G/A	p.P9P
6	32157666	PBX2	T16_1-LSCLN-	0.18	NA	subclonal	6:32157666_G/A	p.P9P
6	32157666	PBX2	MSK-AB-0007-S4	0.13	NA	subclonal	6:32157666_G/A	p.P9P
6	32157666	PBX2	MSK-AB-0007-S5	0.14	NA	subclonal	6:32157666_G/A	p.P9P
6	32157666	PBX2	T9_1-liver-met-2	0.17	NA	subclonal	6:32157666_G/A	p.P9P
6	32157666	PBX2	T8_1-liver-met-1	0.12	NA	subclonal	6:32157666_G/A	p.P9P
16	28507295	APOBR	T10_1-liver-met-3	0.98	NA	clonal	16:28507295_G/A	p.E311E
16	28507295	APOBR	T16_1-LSCLN-	0.8	NA	clonal	16:28507295_G/A	p.E311E
16	28507295	APOBR	T30_1-LSLN3	0.72	NA	subclonal	16:28507295_G/A	p.E311E
16	28507295	APOBR	T28_1-LSLN1	0.92	NA	clonal	16:28507295_G/A	p.E311E
16	4924567	UBN1	T16_1-LSCLN-	0.66	M02	subclonal	16:4924567_C/T	p.A719V
16	4924567	UBN1	MSK-AB-0007-S4	0.02	M02	subclonal	16:4924567_C/T	p.A719V
16	4924567	UBN1	T18_5-right-upper-lung-met	0.01	M02	subclonal	16:4924567_C/T	p.A719V
16	4924567	UBN1	T8_1-liver-met-1	0.98	M02	clonal	16:4924567_C/T	p.A719V
16	4924567	UBN1	T10_1-liver-met-3	1	M02	clonal	16:4924567_C/T	p.A719V
16	4924567	UBN1	T30_1-LSLN3	0.16	M02	subclonal	16:4924567_C/T	p.A719V
16	4924567	UBN1	T14_1-liver-met-5	1	M02	clonal	16:4924567_C/T	p.A719V
16	4924567	UBN1	T9_1-liver-met-2	1	M02	clonal	16:4924567_C/T	p.A719V
16	4924567	UBN1	MSK-AB-0007-S5	0.01	M02	subclonal	16:4924567_C/T	p.A719V
16	4924567	UBN1	T28_1-LSLN1	1	M02	clonal	16:4924567_C/T	p.A719V
19	49438313	DHDH	T14_1-liver-met-5	0.98	M02	clonal	19:49438313_C/T	p.H49H
19	49438313	DHDH	T8_1-liver-met-1	1	M02	clonal	19:49438313_C/T	p.H49H
19	49438313	DHDH	T10_1-liver-met-3	0.8	M02	clonal	19:49438313_C/T	p.H49H
19	49438313	DHDH	T9_1-liver-met-2	0.9	M02	clonal	19:49438313_C/T	p.H49H
1	149916747	OTUD7B	T8_1-liver-met-1	0.99	M02	clonal	1:149916747_C/G	p.G514A
1	149916747	OTUD7B	T9_1-liver-met-2	0.76	M02	subclonal	1:149916747_C/G	p.G514A
1	149916747	OTUD7B	T28_1-LSLN1	0.01	M02	subclonal	1:149916747_C/G	p.G514A
1	149916747	OTUD7B	T10_1-liver-met-3	1	M02	clonal	1:149916747_C/G	p.G514A
1	149916747	OTUD7B	T14_1-liver-met-5	0.89	M02	clonal	1:149916747_C/G	p.G514A
1	39818704	MACF1	T9_1-liver-met-2	0.93	M02	clonal	1:39818704_AG/CT	p.E3747A
1	39818704	MACF1	T14_1-liver-met-5	0.95	M02	clonal	1:39818704_AG/CT	p.E3747A
1	39818704	MACF1	T28_1-LSLN1	0.78	M02	subclonal	1:39818704_AG/CT	p.E3747A
1	39818704	MACF1	T30_1-LSLN3	0.04	M02	subclonal	1:39818704_AG/CT	p.E3747A
1	39818704	MACF1	T16_1-LSCLN-	0.02	M02	subclonal	1:39818704_AG/CT	p.E3747A
1	39818704	MACF1	T10_1-liver-met-3	0.87	M02	clonal	1:39818704_AG/CT	p.E3747A
1	39818704	MACF1	T8_1-liver-met-1	0.93	M02	clonal	1:39818704_AG/CT	p.E3747A
3	134880929	EPHB1	T10_1-liver-met-3	0.96	M02	clonal	3:134880929_C/T	p.P498S
3	134880929	EPHB1	T14_1-liver-met-5	1	M02	clonal	3:134880929_C/T	p.P498S
3	134880929	EPHB1	T28_1-LSLN1	0.96	M02	clonal	3:134880929_C/T	p.P498S
3	134880929	EPHB1	T9_1-liver-met-2	1	M02	clonal	3:134880929_C/T	p.P498S
3	134880929	EPHB1	T8_1-liver-met-1	0.96	M02	clonal	3:134880929_C/T	p.P498S
3	134880929	EPHB1	T30_1-LSLN3	0.23	M02	subclonal	3:134880929_C/T	p.P498S
3	134880929	EPHB1	T16_1-LSCLN-	0.65	M02	subclonal	3:134880929_C/T	p.P498S
3	178916848	PIK3CA	T8_1-liver-met-1	1	M02	clonal	3:178916848_A/C	p.R79R
3	178916848	PIK3CA	T28_1-LSLN1	0.97	M02	clonal	3:178916848_A/C	p.R79R
3	178916848	PIK3CA	T10_1-liver-met-3	1	M02	clonal	3:178916848_A/C	p.R79R
3	178916848	PIK3CA	T14_1-liver-met-5	1	M02	clonal	3:178916848_A/C	p.R79R
3	178916848	PIK3CA	T30_1-LSLN3	0.16	M02	subclonal	3:178916848_A/C	p.R79R
3	178916848	PIK3CA	T9_1-liver-met-2	1	M02	clonal	3:178916848_A/C	p.R79R
3	178916848	PIK3CA	T16_1-LSCLN-	0.72	M02	subclonal	3:178916848_A/C	p.R79R
3	193028464	ATP13A5	T14_1-liver-met-5	0.9	M02	clonal	3:193028464_G/T	p.Q830K
3	193028464	ATP13A5	T9_1-liver-met-2	0.96	M02	clonal	3:193028464_G/T	p.Q830K
3	193028464	ATP13A5	T8_1-liver-met-1	0.97	M02	clonal	3:193028464_G/T	p.Q830K
3	193028464	ATP13A5	T18_5-right-upper-lung-met	0.01	M02	subclonal	3:193028464_G/T	p.Q830K
3	193028464	ATP13A5	T10_1-liver-met-3	0.92	M02	clonal	3:193028464_G/T	p.Q830K
5	137593578	GFRA3	T14_1-liver-met-5	0.9	M02	clonal	5:137593578_G/A	p.R179C
5	137593578	GFRA3	MSK-AB-0007-S4	0.01	M02	subclonal	5:137593578_G/A	p.R179C
5	137593578	GFRA3	T30_1-LSLN3	0.16	M02	subclonal	5:137593578_G/A	p.R179C
5	137593578	GFRA3	T8_1-liver-met-1	0.9	M02	clonal	5:137593578_G/A	p.R179C
5	137593578	GFRA3	T28_1-LSLN1	1	M02	clonal	5:137593578_G/A	p.R179C
5	137593578	GFRA3	T10_1-liver-met-3	1	M02	clonal	5:137593578_G/A	p.R179C
5	137593578	GFRA3	T16_1-LSCLN-	0.69	M02	subclonal	5:137593578_G/A	p.R179C
5	137593578	GFRA3	T9_1-liver-met-2	1	M02	clonal	5:137593578_G/A	p.R179C
5	137593578	GFRA3	MSK-AB-0007-S5	0.01	M02	subclonal	5:137593578_G/A	p.R179C
5	56178198	MAP3K1	T8_1-liver-met-1	0.98	M02	clonal	5:56178198_A/G	p.I1057M
5	56178198	MAP3K1	T14_1-liver-met-5	0.89	M02	clonal	5:56178198_A/G	p.I1057M
5	56178198	MAP3K1	T9_1-liver-met-2	1	M02	clonal	5:56178198_A/G	p.I1057M
5	56178198	MAP3K1	T10_1-liver-met-3	0.92	M02	clonal	5:56178198_A/G	p.I1057M
7	103216004	RELN	T8_1-liver-met-1	0.8	M02	clonal	7:103216004_C/T	p.G1432R
7	103216004	RELN	T9_1-liver-met-2	0.86	M02	clonal	7:103216004_C/T	p.G1432R
7	103216004	RELN	T14_1-liver-met-5	1	M02	clonal	7:103216004_C/T	p.G1432R
7	103216004	RELN	T10_1-liver-met-3	1	M02	clonal	7:103216004_C/T	p.G1432R
23	129281821	AIFM1	T28_1-LSLN1	0.98	M02	clonal	X:129281821_T/C	p.K127R
23	129281821	AIFM1	T10_1-liver-met-3	1	M02	clonal	X:129281821_T/C	p.K127R
23	129281821	AIFM1	T14_1-liver-met-5	1	M02	clonal	X:129281821_T/C	p.K127R
23	129281821	AIFM1	T16_1-LSCLN-	0.68	M02	subclonal	X:129281821_T/C	p.K127R
23	129281821	AIFM1	T30_1-LSLN3	0.18	M02	subclonal	X:129281821_T/C	p.K127R
23	129281821	AIFM1	T9_1-liver-met-2	0.89	M02	clonal	X:129281821_T/C	p.K127R
23	129281821	AIFM1	T8_1-liver-met-1	1	M02	clonal	X:129281821_T/C	p.K127R
23	3030266	ARSF	T10_1-liver-met-3	1	M02	clonal	X:3030266_C/A	p.A481D
23	3030266	ARSF	T14_1-liver-met-5	0.9	M02	clonal	X:3030266_C/A	p.A481D
23	3030266	ARSF	T8_1-liver-met-1	0.99	M02	clonal	X:3030266_C/A	p.A481D
23	3030266	ARSF	T9_1-liver-met-2	1	M02	clonal	X:3030266_C/A	p.A481D
11	118771730	BCL9L	T9_1-liver-met-2	1	NA	clonal	11:118771730_G/C	p.R908G
11	118771730	BCL9L	T10_1-liver-met-3	0.03	NA	subclonal	11:118771730_G/C	p.R908G
11	64600111	CDC42BPG	MSK-AB-0007-S4	0.02	NA	subclonal	11:64600111_C/T	p.P990P
11	64600111	CDC42BPG	T9_1-liver-met-2	1	NA	clonal	11:64600111_C/T	p.P990P
11	64600111	CDC42BPG	T10_1-liver-met-3	0.03	NA	subclonal	11:64600111_C/T	p.P990P
12	115112157	TBX3	MSK-AB-0007-S5	0.01	NA	subclonal	12:115112157_C/T	p.G528E
12	115112157	TBX3	MSK-AB-0007-S4	0.01	NA	subclonal	12:115112157_C/T	p.G528E
12	115112157	TBX3	T14_1-liver-met-5	1	NA	clonal	12:115112157_C/T	p.G528E
12	115112157	TBX3	T9_1-liver-met-2	1	NA	clonal	12:115112157_C/T	p.G528E
12	115112157	TBX3	T10_1-liver-met-3	0.04	NA	subclonal	12:115112157_C/T	p.G528E
19	14774340	EMR3	T18_5-right-upper-lung-met	0.88	M04	clonal	19:14774340_T/G	p.K30T
20	61594021	SLC17A9	T18_5-right-upper-lung-met	1	M04	clonal	20:61594021_C/T	p.Y181Y
20	61594021	SLC17A9	T30_1-LSLN3	0.07	M04	subclonal	20:61594021_C/T	p.Y181Y
20	61594021	SLC17A9	T16_1-LSCLN-	0.21	M04	subclonal	20:61594021_C/T	p.Y181Y
20	61594021	SLC17A9	MSK-AB-0007-S5	0.03	M04	subclonal	20:61594021_C/T	p.Y181Y
20	61594021	SLC17A9	T28_1-LSLN1	0.02	M04	subclonal	20:61594021_C/T	p.Y181Y
20	61594021	SLC17A9	T18_2-right-upper-lung-met	0.99	M04	clonal	20:61594021_C/T	p.Y181Y
3	25671834	TOP2B	T18_2-right-upper-lung-met	0.95	M04	clonal	3:25671834_AT/A	p.I506Ffs*18
3	25671834	TOP2B	T30_1-LSLN3	0.02	M04	subclonal	3:25671834_AT/A	p.I506Ffs*18
3	25671834	TOP2B	T18_5-right-upper-lung-met	0.92	M04	clonal	3:25671834_AT/A	p.I506Ffs*18
6	83865789	DOPEY1	T18_5-right-upper-lung-met	1	M04	clonal	6:83865789_G/C	p.D2191H
7	150935565	CHPF2	T30_1-LSLN3	0.02	M04	subclonal	7:150935565_A/G	p.D706G
7	150935565	CHPF2	T18_2-right-upper-lung-met	0.89	M04	clonal	7:150935565_A/G	p.D706G
7	150935565	CHPF2	T18_5-right-upper-lung-met	0.92	M04	clonal	7:150935565_A/G	p.D706G
23	12734760	FRMPD4	T28_1-LSLN1	0.01	M04	subclonal	X:12734760_G/A	p.A728T
23	12734760	FRMPD4	T9_1-liver-met-2	0.01	M04	subclonal	X:12734760_G/A	p.A728T
23	12734760	FRMPD4	T18_5-right-upper-lung-met	0.99	M04	clonal	X:12734760_G/A	p.A728T
23	12734760	FRMPD4	T18_2-right-upper-lung-met	1	M04	clonal	X:12734760_G/A	p.A728T
23	12734760	FRMPD4	T30_1-LSLN3	0.01	M04	subclonal	X:12734760_G/A	p.A728T
10	75889755	AP3M1	T18_5-right-upper-lung-met	0.05	NA	subclonal	10:75889755_AG/A	NA
10	75889755	AP3M1	T10_1-liver-met-3	0.06	NA	subclonal	10:75889755_AG/A	NA
10	75889755	AP3M1	MSK-AB-0007-S5	0.04	NA	subclonal	10:75889755_AG/A	NA
10	75889755	AP3M1	T28_1-LSLN1	0.03	NA	subclonal	10:75889755_AG/A	NA
11	118343877	KMT2A	T28_1-LSLN1	0.01	NA	subclonal	11:118343877_C/G	p.S668C
11	118343877	KMT2A	T30_1-LSLN3	0.14	NA	subclonal	11:118343877_C/G	p.S668C
11	118343877	KMT2A	T16_1-LSCLN-	0.01	NA	subclonal	11:118343877_C/G	p.S668C
11	124669995	MSANTD2	T30_1-LSLN3	0.01	NA	subclonal	11:124669995_G/T	p.A94=
11	124669995	MSANTD2	T16_1-LSCLN-	0.21	NA	subclonal	11:124669995_G/T	p.A94=
11	124669995	MSANTD2	T28_1-LSLN1	0.02	NA	subclonal	11:124669995_G/T	p.A94=
11	394329	PKP3	T18_5-right-upper-lung-met	0.06	NA	subclonal	11:394329_C/A	p.P13T
11	394329	PKP3	T9_1-liver-met-2	0.09	NA	subclonal	11:394329_C/A	p.P13T
11	394329	PKP3	T30_1-LSLN3	0.08	NA	subclonal	11:394329_C/A	p.P13T
11	394329	PKP3	T10_1-liver-met-3	0.19	NA	subclonal	11:394329_C/A	p.P13T
11	394329	PKP3	MSK-AB-0007-S4	0.29	NA	subclonal	11:394329_C/A	p.P13T
11	394329	PKP3	T14_1-liver-met-5	0.2	NA	subclonal	11:394329_C/A	p.P13T
11	394329	PKP3	MSK-AB-0007-S5	0.31	NA	subclonal	11:394329_C/A	p.P13T
11	394329	PKP3	T8_1-liver-met-1	0.04	NA	subclonal	11:394329_C/A	p.P13T
11	60718807	SLC15A3	T30_1-LSLN3	0.29	NA	subclonal	11:60718807_T/G	p.T73P
11	60718807	SLC15A3	T9_1-liver-met-2	0.01	NA	subclonal	11:60718807_T/G	p.T73P
11	68377085	PPP6R3	T18_5-right-upper-lung-met	0.17	NA	subclonal	11:68377085_G/C	p.L819F
11	68377085	PPP6R3	T28_1-LSLN1	0.01	NA	subclonal	11:68377085_G/C	p.L819F
11	68377085	PPP6R3	T18_2-right-upper-lung-met	0.49	NA	subclonal	11:68377085_G/C	p.L819F
11	725788	EPS8L2	T16_1-LSCLN-	0.13	NA	subclonal	11:725788_G/A	p.V541M
11	725788	EPS8L2	MSK-AB-0007-S7	0.09	NA	subclonal	11:725788_G/A	p.V541M
11	9080951	SCUBE2	MSK-AB-0007-S7	0.26	NA	subclonal	11:9080951_C/T	p.R330H
11	9080951	SCUBE2	T10_1-liver-met-3	0.03	NA	subclonal	11:9080951_C/T	p.R330H
12	49445920	KMT2D	T14_1-liver-met-5	0.02	NA	subclonal	12:49445920_C/A	p.E516*
12	49445920	KMT2D	T8_1-liver-met-1	0.94	NA	clonal	12:49445920_C/A	p.E516*
12	49445920	KMT2D	T30_1-LSLN3	0.02	NA	subclonal	12:49445920_C/A	p.E516*
12	49445920	KMT2D	T10_1-liver-met-3	0.01	NA	subclonal	12:49445920_C/A	p.E516*
12	81112139	MYF5	MSK-AB-0007-S5	0.04	NA	subclonal	12:81112139_C/T	p.P168=
12	81112139	MYF5	MSK-AB-0007-S7	0.29	NA	subclonal	12:81112139_C/T	p.P168=
13	38171320	POSTN	T10_1-liver-met-3	0.08	NA	subclonal	13:38171320_C/T	p.X73_splice
13	38171320	POSTN	MSK-AB-0007-S7	0.21	NA	subclonal	13:38171320_C/T	p.X73_splice
14	20852014	TEP1	T8_1-liver-met-1	1	NA	clonal	14:20852014_G/A	p.H1200Y
15	75983040	CSPG4	T30_1-LSLN3	0.04	NA	subclonal	15:75983040_C/T	p.T122T
15	75983040	CSPG4	T18_5-right-upper-lung-met	0.02	NA	subclonal	15:75983040_C/T	p.T122T
15	75983040	CSPG4	MSK-AB-0007-S5	0.05	NA	subclonal	15:75983040_C/T	p.T122T
15	75983040	CSPG4	MSK-AB-0007-S4	0.04	NA	subclonal	15:75983040_C/T	p.T122T
15	75983040	CSPG4	MSK-AB-0007-S7	0.19	NA	subclonal	15:75983040_C/T	p.T122T
15	90320173	MESP2	MSK-AB-0007-S4	0.27	NA	subclonal	15:90320173_A/G	p.G195G
15	90320173	MESP2	T9_1-liver-met-2	0.2	NA	subclonal	15:90320173_A/G	p.G195G
15	90320173	MESP2	T30_1-LSLN3	0.13	NA	subclonal	15:90320173_A/G	p.G195G
16	15680631	C16orf45	T16_1-LSCLN-	0.02	NA	subclonal	16:15680631_C/T	p.T187M
16	15680631	C16orf45	T28_1-LSLN1	0.01	NA	subclonal	16:15680631_C/T	p.T187M
16	15680631	C16orf45	MSK-AB-0007-S5	0.02	NA	subclonal	16:15680631_C/T	p.T187M
16	15680631	C16orf45	T30_1-LSLN3	0.77	NA	subclonal	16:15680631_C/T	p.T187M
16	28943395	CD19	T30_1-LSLN3	0.03	NA	subclonal	16:28943395_T/C	p.V25A
16	28943395	CD19	T28_1-LSLN1	1	NA	clonal	16:28943395_T/C	p.V25A
16	75669696	KARS	T8_1-liver-met-1	1	NA	clonal	16:75669696_C/T	p.R254K
17	16256484	CENPV	T30_1-LSLN3	0.05	NA	subclonal	17:16256484_C/T	p.P89P
17	16256484	CENPV	MSK-AB-0007-S5	0.21	NA	subclonal	17:16256484_C/T	p.P89P
17	48678519	CACNA1G	T28_1-LSLN1	0.86	NA	clonal	17:48678519_T/G	p.I1300S
17	48678519	CACNA1G	T8_1-liver-met-1	0.01	NA	subclonal	17:48678519_T/G	p.I1300S
17	57760565	CLTC	T30_1-LSLN3	0.13	NA	subclonal	17:57760565_A/C	p.K1328T
17	57760565	CLTC	T28_1-LSLN1	0.02	NA	subclonal	17:57760565_A/C	p.K1328T
17	6683711	FBXO39	T16_1-LSCLN-	0.16	NA	subclonal	17:6683711_C/G	p.T175S
17	6683711	FBXO39	T30_1-LSLN3	0.05	NA	subclonal	17:6683711_C/G	p.T175S
17	72848516	GRIN2C	T14_1-liver-met-5	0.02	NA	subclonal	17:72848516_TGC/T	p.R211Hfs*209
17	72848516	GRIN2C	MSK-AB-0007-S5	0.03	NA	subclonal	17:72848516_TGC/T	p.R211Hfs*209
17	72848516	GRIN2C	T30_1-LSLN3	0.02	NA	subclonal	17:72848516_TGC/T	p.R211Hfs*209
17	72848516	GRIN2C	T8_1-liver-met-1	0.02	NA	subclonal	17:72848516_TGC/T	p.R211Hfs*209
17	72848516	GRIN2C	T16_1-LSCLN-	0.41	NA	subclonal	17:72848516_TGC/T	p.R211Hfs*209
17	72848516	GRIN2C	T28_1-LSLN1	0.02	NA	subclonal	17:72848516_TGC/T	p.R211Hfs*209
17	72848516	GRIN2C	T18_5-right-upper-lung-met	0.06	NA	subclonal	17:72848516_TGC/T	p.R211Hfs*209
19	18273795	PIK3R2	T30_1-LSLN3	0.06	NA	subclonal	19:18273795_G/C	p.K376N
19	18273795	PIK3R2	T16_1-LSCLN-	0.15	NA	subclonal	19:18273795_G/C	p.K376N
19	41858864	TGFB1	T18_2-right-upper-lung-met	0.02	NA	subclonal	19:41858864_C/T	p.G29E
19	41858864	TGFB1	T18_5-right-upper-lung-met	0.08	NA	subclonal	19:41858864_C/T	p.G29E
19	47570533	ZC3H4	MSK-AB-0007-S7	0.21	NA	subclonal	19:47570533_C/T	p.V998M
19	47570533	ZC3H4	MSK-AB-0007-S5	0.05	NA	subclonal	19:47570533_C/T	p.V998M
1	113255410	PPM1J	MSK-AB-0007-S5	0.04	NA	subclonal	1:113255410_C/T	p.E229K
1	113255410	PPM1J	MSK-AB-0007-S7	0.2	NA	subclonal	1:113255410_C/T	p.E229K
1	17328841	ATP13A2	MSK-AB-0007-S5	0.06	NA	subclonal	1:17328841_G/A	p.D195D
1	17328841	ATP13A2	MSK-AB-0007-S7	0.26	NA	subclonal	1:17328841_G/A	p.D195D
1	203652386	ATP2B4	MSK-AB-0007-S7	0.06	NA	subclonal	1:203652386_G/A	p.R18H
1	203652386	ATP2B4	T28_1-LSLN1	0.01	NA	subclonal	1:203652386_G/A	p.R18H
1	203652386	ATP2B4	T16_1-LSCLN-	0.16	NA	subclonal	1:203652386_G/A	p.R18H
1	203652386	ATP2B4	MSK-AB-0007-S5	0.02	NA	subclonal	1:203652386_G/A	p.R18H
1	203652386	ATP2B4	MSK-AB-0007-S4	0.01	NA	subclonal	1:203652386_G/A	p.R18H
1	209797021	LAMB3	T28_1-LSLN1	1	NA	clonal	1:209797021_A/T	p.A729A
1	209797021	LAMB3	T14_1-liver-met-5	0.01	NA	subclonal	1:209797021_A/T	p.A729A
1	228487663	OBSCN	T18_2-right-upper-lung-met	0.93	NA	clonal	1:228487663_A/C	p.R4519R
1	228487663	OBSCN	T18_5-right-upper-lung-met	0.05	NA	subclonal	1:228487663_A/C	p.R4519R
1	242264088	PLD5	T10_1-liver-met-3	0.05	NA	subclonal	1:242264088_T/A	NA
1	242264088	PLD5	T16_1-LSCLN-	0.11	NA	subclonal	1:242264088_T/A	NA
1	242264088	PLD5	MSK-AB-0007-S7	0.15	NA	subclonal	1:242264088_T/A	NA
1	242264088	PLD5	T18_5-right-upper-lung-met	0.09	NA	subclonal	1:242264088_T/A	NA
1	242264088	PLD5	T28_1-LSLN1	0.07	NA	subclonal	1:242264088_T/A	NA
1	242264088	PLD5	T8_1-liver-met-1	0.13	NA	subclonal	1:242264088_T/A	NA
1	242264088	PLD5	MSK-AB-0007-S5	0.04	NA	subclonal	1:242264088_T/A	NA
1	242264088	PLD5	T30_1-LSLN3	0.13	NA	subclonal	1:242264088_T/A	NA
1	242264088	PLD5	T14_1-liver-met-5	0.12	NA	subclonal	1:242264088_T/A	NA
1	245851490	KIF26B	T18_2-right-upper-lung-met	0.87	NA	clonal	1:245851490_G/C	p.V1735V
1	245851490	KIF26B	T18_5-right-upper-lung-met	0.08	NA	subclonal	1:245851490_G/C	p.V1735V
1	39818705	MACF1	T9_1-liver-met-2	0.03	NA	subclonal	1:39818705_G/T	p.E1680D
1	39818705	MACF1	T28_1-LSLN1	0.01	NA	subclonal	1:39818705_G/T	p.E1680D
20	36784362	TGM2	MSK-AB-0007-S5	0.11	NA	subclonal	20:36784362_G/A	p.P107L
20	36784362	TGM2	MSK-AB-0007-S4	0.06	NA	subclonal	20:36784362_G/A	p.P107L
21	47574143	FTCD	T18_5-right-upper-lung-met	0.02	NA	subclonal	21:47574143_C/A	p.G53V
21	47574143	FTCD	T10_1-liver-met-3	0.02	NA	subclonal	21:47574143_C/A	p.G53V
21	47574143	FTCD	T9_1-liver-met-2	0.02	NA	subclonal	21:47574143_C/A	p.G53V
21	47574143	FTCD	T30_1-LSLN3	0.03	NA	subclonal	21:47574143_C/A	p.G53V
21	47574143	FTCD	T18_2-right-upper-lung-met	0.03	NA	subclonal	21:47574143_C/A	p.G53V
21	47574144	FTCD	T30_1-LSLN3	0.02	NA	subclonal	21:47574144_C/A	p.G53W
21	47574144	FTCD	T10_1-liver-met-3	0.03	NA	subclonal	21:47574144_C/A	p.G53W
2	170044631	LRP2	T16_1-LSCLN-	0.01	NA	subclonal	2:170044631_G/A	p.D3059D
2	170044631	LRP2	MSK-AB-0007-S5	0.01	NA	subclonal	2:170044631_G/A	p.D3059D
2	170044631	LRP2	T10_1-liver-met-3	0.01	NA	subclonal	2:170044631_G/A	p.D3059D
2	170044631	LRP2	T8_1-liver-met-1	1	NA	clonal	2:170044631_G/A	p.D3059D
2	174829201	SP3	MSK-AB-0007-S4	0.04	NA	subclonal	2:174829201_GGCC/G	p.G29del
2	174829201	SP3	T16_1-LSCLN-	0.22	NA	subclonal	2:174829201_GGCC/G	p.G29del
2	218713359	TNS1	MSK-AB-0007-S5	0.08	NA	subclonal	2:218713359_G/A	p.D502D
2	218713359	TNS1	T18_5-right-upper-lung-met	0.01	NA	subclonal	2:218713359_G/A	p.D502D
2	73479830	CCT7	T18_2-right-upper-lung-met	0.1	NA	subclonal	2:73479830_C/T	p.F491F
2	73479830	CCT7	MSK-AB-0007-S4	0.02	NA	subclonal	2:73479830_C/T	p.F491F
2	73479830	CCT7	MSK-AB-0007-S5	0.02	NA	subclonal	2:73479830_C/T	p.F491F
2	99685466	TSGA10	MSK-AB-0007-S5	0.18	NA	subclonal	2:99685466_G/A	NA
2	99685466	TSGA10	T14_1-liver-met-5	0.06	NA	subclonal	2:99685466_G/A	NA
3	14106202	TPRXL	T8_1-liver-met-1	0.1	NA	subclonal	3:14106202_G/A	p.G176S
3	14106202	TPRXL	MSK-AB-0007-S5	0.18	NA	subclonal	3:14106202_G/A	p.G176S
3	141205948	RASA2	T10_1-liver-met-3	0.11	NA	subclonal	3:141205948_C/A	p.A8D
3	141205948	RASA2	MSK-AB-0007-S5	0.16	NA	subclonal	3:141205948_C/A	p.A8D
3	141205948	RASA2	MSK-AB-0007-S4	0.08	NA	subclonal	3:141205948_C/A	p.A8D
3	141205948	RASA2	MSK-AB-0007-S7	0.19	NA	subclonal	3:141205948_C/A	p.A8D
3	148857958	HPS3	T18_2-right-upper-lung-met	0.93	NA	clonal	3:148857958_G/A	p.E129K
3	148857958	HPS3	MSK-AB-0007-S4	0.01	NA	subclonal	3:148857958_G/A	p.E129K
3	148857958	HPS3	T18_5-right-upper-lung-met	0.06	NA	subclonal	3:148857958_G/A	p.E129K
3	160804302	B3GALNT1	MSK-AB-0007-S4	0.49	NA	subclonal	3:160804302_C/G	p.V81L
3	160804302	B3GALNT1	MSK-AB-0007-S5	0.75	NA	subclonal	3:160804302_C/G	p.V81L
3	183959354	VWA5B2	T28_1-LSLN1	0.02	NA	subclonal	3:183959354_G/A	p.R1086H
3	183959354	VWA5B2	T30_1-LSLN3	0.11	NA	subclonal	3:183959354_G/A	p.R1086H
3	58118663	FLNB	T18_5-right-upper-lung-met	0.06	NA	subclonal	3:58118663_G/T	NA
3	58118663	FLNB	T18_2-right-upper-lung-met	0.91	NA	clonal	3:58118663_G/T	NA
3	62358191	FEZF2	T14_1-liver-met-5	0.04	NA	subclonal	3:62358191_G/GC	p.A118Gfs*67
3	62358191	FEZF2	T10_1-liver-met-3	0.1	NA	subclonal	3:62358191_G/GC	p.A118Gfs*67
3	62358191	FEZF2	MSK-AB-0007-S5	0.13	NA	subclonal	3:62358191_G/GC	p.A118Gfs*67
3	62358191	FEZF2	MSK-AB-0007-S4	0.14	NA	subclonal	3:62358191_G/GC	p.A118Gfs*67
3	62358191	FEZF2	T28_1-LSLN1	0.09	NA	subclonal	3:62358191_G/GC	p.A118Gfs*67
3	62358191	FEZF2	T30_1-LSLN3	0.03	NA	subclonal	3:62358191_G/GC	p.A118Gfs*67
3	62358191	FEZF2	T9_1-liver-met-2	0.05	NA	subclonal	3:62358191_G/GC	p.A118Gfs*67
4	956656	DGKQ	T30_1-LSLN3	0.11	NA	subclonal	4:956656_C/G	p.D647H
4	956656	DGKQ	T28_1-LSLN1	0.01	NA	subclonal	4:956656_C/G	p.D647H
5	140073595	HARS2	MSK-AB-0007-S5	0.43	NA	subclonal	5:140073595_C/T	p.R87C
5	140073595	HARS2	MSK-AB-0007-S4	0.22	NA	subclonal	5:140073595_C/T	p.R87C
5	76332468	AGGF1	T30_1-LSLN3	0.03	NA	subclonal	5:76332468_G/T	p.V202L
5	76332468	AGGF1	MSK-AB-0007-S4	0.04	NA	subclonal	5:76332468_G/T	p.V202L
5	76332468	AGGF1	T9_1-liver-met-2	0.05	NA	subclonal	5:76332468_G/T	p.V202L
5	76332468	AGGF1	T8_1-liver-met-1	0.08	NA	subclonal	5:76332468_G/T	p.V202L
5	76332468	AGGF1	MSK-AB-0007-S7	0.25	NA	subclonal	5:76332468_G/T	p.V202L
5	76332468	AGGF1	T14_1-liver-met-5	0.08	NA	subclonal	5:76332468_G/T	p.V202L
6	151869451	CCDC170	MSK-AB-0007-S4	0.04	NA	subclonal	6:151869451_C/T	p.R201C
6	151869451	CCDC170	T16_1-LSCLN-	0.54	NA	subclonal	6:151869451_C/T	p.R201C
7	139724497	PARP12	MSK-AB-0007-S5	0.02	NA	subclonal	7:139724497_C/T	p.D657N
7	139724497	PARP12	MSK-AB-0007-S7	0.03	NA	subclonal	7:139724497_C/T	p.D657N
7	139724497	PARP12	T30_1-LSLN3	0.15	NA	subclonal	7:139724497_C/T	p.D657N
7	4856016	RADIL	MSK-AB-0007-S7	0.24	NA	subclonal	7:4856016_G/A	p.P603=
7	4856016	RADIL	MSK-AB-0007-S5	0.06	NA	subclonal	7:4856016_G/A	p.P603=
9	139302014	SDCCAG3	T8_1-liver-met-1	0.1	NA	subclonal	9:139302014_CT/C	p.X135_splice
9	139302014	SDCCAG3	T14_1-liver-met-5	0.07	NA	subclonal	9:139302014_CT/C	p.X135_splice
9	139302014	SDCCAG3	T9_1-liver-met-2	0.13	NA	subclonal	9:139302014_CT/C	p.X135_splice
9	139302014	SDCCAG3	T18_2-right-upper-lung-met	0.18	NA	subclonal	9:139302014_CT/C	p.X135_splice
9	139302014	SDCCAG3	T16_1-LSCLN-	0.04	NA	subclonal	9:139302014_CT/C	p.X135_splice
9	139302014	SDCCAG3	MSK-AB-0007-S5	0.06	NA	subclonal	9:139302014_CT/C	p.X135_splice
9	139302014	SDCCAG3	T28_1-LSLN1	0.07	NA	subclonal	9:139302014_CT/C	p.X135_splice
9	139302014	SDCCAG3	T18_5-right-upper-lung-met	0.05	NA	subclonal	9:139302014_CT/C	p.X135_splice
9	139302014	SDCCAG3	T30_1-LSLN3	0.03	NA	subclonal	9:139302014_CT/C	p.X135_splice
9	38397141	ALDH1B1	T10_1-liver-met-3	0.93	NA	clonal	9:38397141_G/A	p.G466R
9	38397141	ALDH1B1	MSK-AB-0007-S7	0.04	NA	subclonal	9:38397141_G/A	p.G466R
9	38397141	ALDH1B1	T14_1-liver-met-5	0.02	NA	subclonal	9:38397141_G/A	p.G466R
9	71836261	TJP2	T14_1-liver-met-5	0.02	NA	subclonal	9:71836261_G/A	p.P298P
9	71836261	TJP2	MSK-AB-0007-S7	0.21	NA	subclonal	9:71836261_G/A	p.P298P
23	118221622	KIAA1210	T18_5-right-upper-lung-met	0.01	NA	subclonal	X:118221622_G/A	p.R1191C
23	118221622	KIAA1210	MSK-AB-0007-S7	0.05	NA	subclonal	X:118221622_G/A	p.R1191C
23	118221622	KIAA1210	T18_2-right-upper-lung-met	0.64	NA	subclonal	X:118221622_G/A	p.R1191C
23	96212915	DIAPH2	T28_1-LSLN1	1	NA	clonal	X:96212915_C/T	p.A568V
23	96212915	DIAPH2	T30_1-LSLN3	0.03	NA	subclonal	X:96212915_C/T	p.A568V
23	96212915	DIAPH2	T16_1-LSCLN-	0.03	NA	subclonal	X:96212915_C/T	p.A568V
1	111860648	CHIA	MSK-AB-0007-S4	1	NA	clonal	1:111860648_G/A	p.G216S
1	111860648	CHIA	T18_5-right-upper-lung-met	0.96	NA	clonal	1:111860648_G/A	p.G216S
1	111860648	CHIA	T18_2-right-upper-lung-met	1	NA	clonal	1:111860648_G/A	p.G216S
1	111860648	CHIA	MSK-AB-0007-S5	1	NA	clonal	1:111860648_G/A	p.G216S
1	111860648	CHIA	T28_1-LSLN1	1	NA	clonal	1:111860648_G/A	p.G216S
1	111860648	CHIA	T30_1-LSLN3	1	NA	clonal	1:111860648_G/A	p.G216S
1	111860648	CHIA	T16_1-LSCLN-	0.93	NA	clonal	1:111860648_G/A	p.G216S
1	111860648	CHIA	MSK-AB-0007-S7	0.72	NA	subclonal	1:111860648_G/A	p.G216S
2	25050449	ADCY3	MSK-AB-0007-S4	0.53	NA	subclonal	2:25050449_GCATCTGCTCTAAGGCCAC/G	p.V815_M820del
2	25050449	ADCY3	T30_1-LSLN3	0.62	NA	subclonal	2:25050449_GCATCTGCTCTAAGGCCAC/G	p.V815_M820del
2	25050449	ADCY3	T8_1-liver-met-1	0.6	NA	subclonal	2:25050449_GCATCTGCTCTAAGGCCAC/G	p.V815_M820del
2	25050449	ADCY3	T10_1-liver-met-3	0.6	NA	subclonal	2:25050449_GCATCTGCTCTAAGGCCAC/G	p.V815_M820del
2	25050449	ADCY3	T18_5-right-upper-lung-met	0.63	NA	subclonal	2:25050449_GCATCTGCTCTAAGGCCAC/G	p.V815_M820del
2	25050449	ADCY3	T28_1-LSLN1	0.75	NA	subclonal	2:25050449_GCATCTGCTCTAAGGCCAC/G	p.V815_M820del
2	25050449	ADCY3	MSK-AB-0007-S7	0.58	NA	subclonal	2:25050449_GCATCTGCTCTAAGGCCAC/G	p.V815_M820del
2	25050449	ADCY3	T14_1-liver-met-5	0.54	NA	subclonal	2:25050449_GCATCTGCTCTAAGGCCAC/G	p.V815_M820del
2	25050449	ADCY3	T9_1-liver-met-2	0.58	NA	subclonal	2:25050449_GCATCTGCTCTAAGGCCAC/G	p.V815_M820del
2	25050449	ADCY3	T18_2-right-upper-lung-met	0.6	NA	subclonal	2:25050449_GCATCTGCTCTAAGGCCAC/G	p.V815_M820del
2	25050449	ADCY3	MSK-AB-0007-S5	0.7	NA	subclonal	2:25050449_GCATCTGCTCTAAGGCCAC/G	p.V815_M820del
2	25050449	ADCY3	T16_1-LSCLN-	0.71	NA	subclonal	2:25050449_GCATCTGCTCTAAGGCCAC/G	p.V815_M820del
6	116265434	FRK	T18_2-right-upper-lung-met	0.92	NA	clonal	6:116265434_TG/CA	p.A371V
6	116265434	FRK	MSK-AB-0007-S4	0.73	NA	subclonal	6:116265434_TG/CA	p.A371V
6	116265434	FRK	T9_1-liver-met-2	1	NA	clonal	6:116265434_TG/CA	p.A371V
6	116265434	FRK	T16_1-LSCLN-	0.06	NA	subclonal	6:116265434_TG/CA	p.A371V
6	116265434	FRK	MSK-AB-0007-S5	1	NA	clonal	6:116265434_TG/CA	p.A371V
6	116265434	FRK	T30_1-LSLN3	0.64	NA	subclonal	6:116265434_TG/CA	p.A371V
6	116265434	FRK	T8_1-liver-met-1	0.95	NA	clonal	6:116265434_TG/CA	p.A371V
6	116265434	FRK	T14_1-liver-met-5	0.91	NA	clonal	6:116265434_TG/CA	p.A371V
6	116265434	FRK	T18_5-right-upper-lung-met	0.91	NA	clonal	6:116265434_TG/CA	p.A371V
6	116265434	FRK	MSK-AB-0007-S7	0.83	NA	clonal	6:116265434_TG/CA	p.A371V
6	116265434	FRK	T28_1-LSLN1	0.99	NA	clonal	6:116265434_TG/CA	p.A371V
6	116265434	FRK	T10_1-liver-met-3	1	NA	clonal	6:116265434_TG/CA	p.A371V
